{"iso_code": "CHL", "continent": "South America", "location": "Chile", "date": "2022-04-16", "total_cases": 3525845.0, "new_cases": 3423.0, "new_cases_smoothed": 3008.857, "total_deaths": 57205.0, "new_deaths": 38.0, "new_deaths_smoothed": 35.714, "total_cases_per_million": 179855.768, "new_cases_per_million": 174.61, "new_cases_smoothed_per_million": 153.484, "total_deaths_per_million": 2918.066, "new_deaths_per_million": 1.938, "new_deaths_smoothed_per_million": 1.822, "reproduction_rate": 0.68, "icu_patients": 338.0, "icu_patients_per_million": 17.242, "hosp_patients": "", "hosp_patients_per_million": "", "weekly_icu_admissions": 63.0, "weekly_icu_admissions_per_million": 3.214, "weekly_hosp_admissions": 416.0, "weekly_hosp_admissions_per_million": 21.22, "total_tests": 36177178.0, "new_tests": 52560.0, "total_tests_per_thousand": 1855.889, "new_tests_per_thousand": 2.696, "new_tests_smoothed": 52133.0, "new_tests_smoothed_per_thousand": 2.674, "positive_rate": 0.055, "tests_per_case": 18.2, "tests_units": null, "total_vaccinations": 51573335.0, "people_vaccinated": 17902140.0, "people_fully_vaccinated": 17435646.0, "total_boosters": 16810154.0, "new_vaccinations": 638.0, "new_vaccinations_smoothed": 50201.0, "total_vaccinations_per_hundred": 263.08, "people_vaccinated_per_hundred": 91.32, "people_fully_vaccinated_per_hundred": 88.94, "total_boosters_per_hundred": 85.75, "new_vaccinations_smoothed_per_million": 2561.0, "new_people_vaccinated_smoothed": 993.0, "new_people_vaccinated_smoothed_per_hundred": 0.005, "stringency_index": 25.7, "population_density": 24.282, "extreme_poverty": 1.3, "cardiovasc_death_rate": 127.993, "diabetes_prevalence": 8.46, "handwashing_facilities": "", "hospital_beds_per_thousand": 2.11, "life_expectancy": 80.18, "human_development_index": 0.851, "population": null, "excess_mortality_cumulative_absolute": "", "excess_mortality_cumulative": "", "excess_mortality": "", "excess_mortality_cumulative_per_million": ""}
{"iso_code": "CHL", "continent": "South America", "location": "Chile", "date": "2022-04-17", "total_cases": 3528626.0, "new_cases": 2781.0, "new_cases_smoothed": 2867.143, "total_deaths": 57231.0, "new_deaths": 26.0, "new_deaths_smoothed": 33.429, "total_cases_per_million": 179997.629, "new_cases_per_million": 141.861, "new_cases_smoothed_per_million": 146.255, "total_deaths_per_million": 2919.393, "new_deaths_per_million": 1.326, "new_deaths_smoothed_per_million": 1.705, "reproduction_rate": 0.69, "icu_patients": 317.0, "icu_patients_per_million": 16.17, "hosp_patients": "", "hosp_patients_per_million": "", "weekly_icu_admissions": 60.0, "weekly_icu_admissions_per_million": 3.061, "weekly_hosp_admissions": 416.0, "weekly_hosp_admissions_per_million": 21.22, "total_tests": 36206758.0, "new_tests": 29580.0, "total_tests_per_thousand": 1857.406, "new_tests_per_thousand": 1.517, "new_tests_smoothed": 47438.0, "new_tests_smoothed_per_thousand": 2.434, "positive_rate": 0.0549, "tests_per_case": 18.2, "tests_units": null, "total_vaccinations": 51573745.0, "people_vaccinated": 17902149.0, "people_fully_vaccinated": 17435657.0, "total_boosters": 16810544.0, "new_vaccinations": 410.0, "new_vaccinations_smoothed": 50206.0, "total_vaccinations_per_hundred": 263.08, "people_vaccinated_per_hundred": 91.32, "people_fully_vaccinated_per_hundred": 88.94, "total_boosters_per_hundred": 85.75, "new_vaccinations_smoothed_per_million": 2561.0, "new_people_vaccinated_smoothed": 992.0, "new_people_vaccinated_smoothed_per_hundred": 0.005, "stringency_index": 25.7, "population_density": 24.282, "extreme_poverty": 1.3, "cardiovasc_death_rate": 127.993, "diabetes_prevalence": 8.46, "handwashing_facilities": "", "hospital_beds_per_thousand": 2.11, "life_expectancy": 80.18, "human_development_index": 0.851, "population": null, "excess_mortality_cumulative_absolute": 49131.594, "excess_mortality_cumulative": 19.21, "excess_mortality": 6.87, "excess_mortality_cumulative_per_million": 2506.2363}
{"iso_code": "CHL", "continent": "South America", "location": "Chile", "date": "2022-04-18", "total_cases": 3530258.0, "new_cases": 1632.0, "new_cases_smoothed": 2605.429, "total_deaths": 57263.0, "new_deaths": 32.0, "new_deaths_smoothed": 31.714, "total_cases_per_million": 180080.878, "new_cases_per_million": 83.249, "new_cases_smoothed_per_million": 132.905, "total_deaths_per_million": 2921.025, "new_deaths_per_million": 1.632, "new_deaths_smoothed_per_million": 1.618, "reproduction_rate": 0.71, "icu_patients": 311.0, "icu_patients_per_million": 15.864, "hosp_patients": "", "hosp_patients_per_million": "", "weekly_icu_admissions": 60.0, "weekly_icu_admissions_per_million": 3.061, "weekly_hosp_admissions": 401.0, "weekly_hosp_admissions_per_million": 20.455, "total_tests": 36229996.0, "new_tests": 23238.0, "total_tests_per_thousand": 1858.598, "new_tests_per_thousand": 1.192, "new_tests_smoothed": 44492.0, "new_tests_smoothed_per_thousand": 2.282, "positive_rate": 0.0553, "tests_per_case": 18.1, "tests_units": null, "total_vaccinations": 51686795.0, "people_vaccinated": 17903940.0, "people_fully_vaccinated": 17439024.0, "total_boosters": 16918437.0, "new_vaccinations": 113050.0, "new_vaccinations_smoothed": 54243.0, "total_vaccinations_per_hundred": 263.66, "people_vaccinated_per_hundred": 91.33, "people_fully_vaccinated_per_hundred": 88.96, "total_boosters_per_hundred": 86.3, "new_vaccinations_smoothed_per_million": 2767.0, "new_people_vaccinated_smoothed": 966.0, "new_people_vaccinated_smoothed_per_hundred": 0.005, "stringency_index": 25.7, "population_density": 24.282, "extreme_poverty": 1.3, "cardiovasc_death_rate": 127.993, "diabetes_prevalence": 8.46, "handwashing_facilities": "", "hospital_beds_per_thousand": 2.11, "life_expectancy": 80.18, "human_development_index": 0.851, "population": null, "excess_mortality_cumulative_absolute": "", "excess_mortality_cumulative": "", "excess_mortality": "", "excess_mortality_cumulative_per_million": ""}
{"iso_code": "CHL", "continent": "South America", "location": "Chile", "date": "2022-04-19", "total_cases": 3531529.0, "new_cases": 1271.0, "new_cases_smoothed": 2462.571, "total_deaths": 57270.0, "new_deaths": 7.0, "new_deaths_smoothed": 27.0, "total_cases_per_million": 180145.713, "new_cases_per_million": 64.835, "new_cases_smoothed_per_million": 125.617, "total_deaths_per_million": 2921.382, "new_deaths_per_million": 0.357, "new_deaths_smoothed_per_million": 1.377, "reproduction_rate": 0.74, "icu_patients": 303.0, "icu_patients_per_million": 15.456, "hosp_patients": "", "hosp_patients_per_million": "", "weekly_icu_admissions": 69.0, "weekly_icu_admissions_per_million": 3.52, "weekly_hosp_admissions": 385.0, "weekly_hosp_admissions_per_million": 19.639, "total_tests": 36252298.0, "new_tests": 22302.0, "total_tests_per_thousand": 1859.742, "new_tests_per_thousand": 1.144, "new_tests_smoothed": 43196.0, "new_tests_smoothed_per_thousand": 2.216, "positive_rate": 0.0555, "tests_per_case": 18.0, "tests_units": null, "total_vaccinations": 51810533.0, "people_vaccinated": 17905427.0, "people_fully_vaccinated": 17441949.0, "total_boosters": 17037765.0, "new_vaccinations": 123738.0, "new_vaccinations_smoothed": 59658.0, "total_vaccinations_per_hundred": 264.29, "people_vaccinated_per_hundred": 91.34, "people_fully_vaccinated_per_hundred": 88.97, "total_boosters_per_hundred": 86.91, "new_vaccinations_smoothed_per_million": 3043.0, "new_people_vaccinated_smoothed": 950.0, "new_people_vaccinated_smoothed_per_hundred": 0.005, "stringency_index": 25.69, "population_density": 24.282, "extreme_poverty": 1.3, "cardiovasc_death_rate": 127.993, "diabetes_prevalence": 8.46, "handwashing_facilities": "", "hospital_beds_per_thousand": 2.11, "life_expectancy": 80.18, "human_development_index": 0.851, "population": null, "excess_mortality_cumulative_absolute": "", "excess_mortality_cumulative": "", "excess_mortality": "", "excess_mortality_cumulative_per_million": ""}
{"iso_code": "CHL", "continent": "South America", "location": "Chile", "date": "2022-04-20", "total_cases": 3532649.0, "new_cases": 1120.0, "new_cases_smoothed": 2395.857, "total_deaths": 57275.0, "new_deaths": 5.0, "new_deaths_smoothed": 25.857, "total_cases_per_million": 180202.845, "new_cases_per_million": 57.132, "new_cases_smoothed_per_million": 122.214, "total_deaths_per_million": 2921.637, "new_deaths_per_million": 0.255, "new_deaths_smoothed_per_million": 1.319, "reproduction_rate": 0.77, "icu_patients": 305.0, "icu_patients_per_million": 15.558, "hosp_patients": "", "hosp_patients_per_million": "", "weekly_icu_admissions": 58.0, "weekly_icu_admissions_per_million": 2.959, "weekly_hosp_admissions": 386.0, "weekly_hosp_admissions_per_million": 19.69, "total_tests": 36302694.0, "new_tests": 50396.0, "total_tests_per_thousand": 1862.328, "new_tests_per_thousand": 2.585, "new_tests_smoothed": 42742.0, "new_tests_smoothed_per_thousand": 2.193, "positive_rate": 0.0559, "tests_per_case": 17.9, "tests_units": null, "total_vaccinations": 51936777.0, "people_vaccinated": 17906981.0, "people_fully_vaccinated": 17444723.0, "total_boosters": 17159681.0, "new_vaccinations": 126244.0, "new_vaccinations_smoothed": 65543.0, "total_vaccinations_per_hundred": 264.93, "people_vaccinated_per_hundred": 91.34, "people_fully_vaccinated_per_hundred": 88.99, "total_boosters_per_hundred": 87.53, "new_vaccinations_smoothed_per_million": 3343.0, "new_people_vaccinated_smoothed": 950.0, "new_people_vaccinated_smoothed_per_hundred": 0.005, "stringency_index": 25.69, "population_density": 24.282, "extreme_poverty": 1.3, "cardiovasc_death_rate": 127.993, "diabetes_prevalence": 8.46, "handwashing_facilities": "", "hospital_beds_per_thousand": 2.11, "life_expectancy": 80.18, "human_development_index": 0.851, "population": null, "excess_mortality_cumulative_absolute": "", "excess_mortality_cumulative": "", "excess_mortality": "", "excess_mortality_cumulative_per_million": ""}
{"iso_code": "CHL", "continent": "South America", "location": "Chile", "date": "2022-04-21", "total_cases": 3535534.0, "new_cases": 2885.0, "new_cases_smoothed": 2390.571, "total_deaths": 57283.0, "new_deaths": 8.0, "new_deaths_smoothed": 26.429, "total_cases_per_million": 180350.011, "new_cases_per_million": 147.166, "new_cases_smoothed_per_million": 121.945, "total_deaths_per_million": 2922.045, "new_deaths_per_million": 0.408, "new_deaths_smoothed_per_million": 1.348, "reproduction_rate": 0.79, "icu_patients": 295.0, "icu_patients_per_million": 15.048, "hosp_patients": "", "hosp_patients_per_million": "", "weekly_icu_admissions": 57.0, "weekly_icu_admissions_per_million": 2.908, "weekly_hosp_admissions": 389.0, "weekly_hosp_admissions_per_million": 19.843, "total_tests": 36363665.0, "new_tests": 60971.0, "total_tests_per_thousand": 1865.455, "new_tests_per_thousand": 3.128, "new_tests_smoothed": 42304.0, "new_tests_smoothed_per_thousand": 2.17, "positive_rate": 0.0555, "tests_per_case": 18.0, "tests_units": null, "total_vaccinations": 52056113.0, "people_vaccinated": 17908423.0, "people_fully_vaccinated": 17447138.0, "total_boosters": 17275162.0, "new_vaccinations": 119336.0, "new_vaccinations_smoothed": 69182.0, "total_vaccinations_per_hundred": 265.54, "people_vaccinated_per_hundred": 91.35, "people_fully_vaccinated_per_hundred": 89.0, "total_boosters_per_hundred": 88.12, "new_vaccinations_smoothed_per_million": 3529.0, "new_people_vaccinated_smoothed": 901.0, "new_people_vaccinated_smoothed_per_hundred": 0.005, "stringency_index": 25.68, "population_density": 24.282, "extreme_poverty": 1.3, "cardiovasc_death_rate": 127.993, "diabetes_prevalence": 8.46, "handwashing_facilities": "", "hospital_beds_per_thousand": 2.11, "life_expectancy": 80.18, "human_development_index": 0.851, "population": null, "excess_mortality_cumulative_absolute": "", "excess_mortality_cumulative": "", "excess_mortality": "", "excess_mortality_cumulative_per_million": ""}
{"iso_code": "CHL", "continent": "South America", "location": "Chile", "date": "2022-04-22", "total_cases": 3538843.0, "new_cases": 3309.0, "new_cases_smoothed": 2345.857, "total_deaths": 57325.0, "new_deaths": 42.0, "new_deaths_smoothed": 22.571, "total_cases_per_million": 180518.805, "new_cases_per_million": 168.794, "new_cases_smoothed_per_million": 119.664, "total_deaths_per_million": 2924.188, "new_deaths_per_million": 2.142, "new_deaths_smoothed_per_million": 1.151, "reproduction_rate": 0.81, "icu_patients": 290.0, "icu_patients_per_million": 14.793, "hosp_patients": "", "hosp_patients_per_million": "", "weekly_icu_admissions": 58.0, "weekly_icu_admissions_per_million": 2.959, "weekly_hosp_admissions": 383.0, "weekly_hosp_admissions_per_million": 19.537, "total_tests": 36419764.0, "new_tests": 56099.0, "total_tests_per_thousand": 1868.333, "new_tests_per_thousand": 2.878, "new_tests_smoothed": 42164.0, "new_tests_smoothed_per_thousand": 2.163, "positive_rate": 0.054, "tests_per_case": 18.5, "tests_units": null, "total_vaccinations": 52183106.0, "people_vaccinated": 17909994.0, "people_fully_vaccinated": 17450235.0, "total_boosters": 17397493.0, "new_vaccinations": 126993.0, "new_vaccinations_smoothed": 87201.0, "total_vaccinations_per_hundred": 266.19, "people_vaccinated_per_hundred": 91.36, "people_fully_vaccinated_per_hundred": 89.01, "total_boosters_per_hundred": 88.75, "new_vaccinations_smoothed_per_million": 4448.0, "new_people_vaccinated_smoothed": 1123.0, "new_people_vaccinated_smoothed_per_hundred": 0.006, "stringency_index": 25.68, "population_density": 24.282, "extreme_poverty": 1.3, "cardiovasc_death_rate": 127.993, "diabetes_prevalence": 8.46, "handwashing_facilities": "", "hospital_beds_per_thousand": 2.11, "life_expectancy": 80.18, "human_development_index": 0.851, "population": null, "excess_mortality_cumulative_absolute": "", "excess_mortality_cumulative": "", "excess_mortality": "", "excess_mortality_cumulative_per_million": ""}
{"iso_code": "CHL", "continent": "South America", "location": "Chile", "date": "2022-04-23", "total_cases": 3541792.0, "new_cases": 2949.0, "new_cases_smoothed": 2278.143, "total_deaths": 57351.0, "new_deaths": 26.0, "new_deaths_smoothed": 20.857, "total_cases_per_million": 180669.236, "new_cases_per_million": 150.431, "new_cases_smoothed_per_million": 116.21, "total_deaths_per_million": 2925.514, "new_deaths_per_million": 1.326, "new_deaths_smoothed_per_million": 1.064, "reproduction_rate": 0.82, "icu_patients": 286.0, "icu_patients_per_million": 14.589, "hosp_patients": "", "hosp_patients_per_million": "", "weekly_icu_admissions": 58.0, "weekly_icu_admissions_per_million": 2.959, "weekly_hosp_admissions": 379.0, "weekly_hosp_admissions_per_million": 19.333, "total_tests": 36470556.0, "new_tests": 50792.0, "total_tests_per_thousand": 1870.939, "new_tests_per_thousand": 2.606, "new_tests_smoothed": 41911.0, "new_tests_smoothed_per_thousand": 2.15, "positive_rate": 0.054, "tests_per_case": 18.5, "tests_units": null, "total_vaccinations": 52202892.0, "people_vaccinated": 17910285.0, "people_fully_vaccinated": 17450768.0, "total_boosters": 17416455.0, "new_vaccinations": 19786.0, "new_vaccinations_smoothed": 89937.0, "total_vaccinations_per_hundred": 266.29, "people_vaccinated_per_hundred": 91.36, "people_fully_vaccinated_per_hundred": 89.02, "total_boosters_per_hundred": 88.84, "new_vaccinations_smoothed_per_million": 4588.0, "new_people_vaccinated_smoothed": 1164.0, "new_people_vaccinated_smoothed_per_hundred": 0.006, "stringency_index": 25.67, "population_density": 24.282, "extreme_poverty": 1.3, "cardiovasc_death_rate": 127.993, "diabetes_prevalence": 8.46, "handwashing_facilities": "", "hospital_beds_per_thousand": 2.11, "life_expectancy": 80.18, "human_development_index": 0.851, "population": null, "excess_mortality_cumulative_absolute": "", "excess_mortality_cumulative": "", "excess_mortality": "", "excess_mortality_cumulative_per_million": ""}
{"iso_code": "CHL", "continent": "South America", "location": "Chile", "date": "2022-04-24", "total_cases": 3544463.0, "new_cases": 2671.0, "new_cases_smoothed": 2262.429, "total_deaths": 57375.0, "new_deaths": 24.0, "new_deaths_smoothed": 20.571, "total_cases_per_million": 180805.485, "new_cases_per_million": 136.25, "new_cases_smoothed_per_million": 115.408, "total_deaths_per_million": 2926.738, "new_deaths_per_million": 1.224, "new_deaths_smoothed_per_million": 1.049, "reproduction_rate": 0.82, "icu_patients": 263.0, "icu_patients_per_million": 13.416, "hosp_patients": "", "hosp_patients_per_million": "", "weekly_icu_admissions": 59.0, "weekly_icu_admissions_per_million": 3.01, "weekly_hosp_admissions": 377.0, "weekly_hosp_admissions_per_million": 19.231, "total_tests": 36513983.0, "new_tests": 43427.0, "total_tests_per_thousand": 1873.167, "new_tests_per_thousand": 2.228, "new_tests_smoothed": 43889.0, "new_tests_smoothed_per_thousand": 2.252, "positive_rate": 0.0528, "tests_per_case": 18.9, "tests_units": null, "total_vaccinations": 52203884.0, "people_vaccinated": 17910293.0, "people_fully_vaccinated": 17450784.0, "total_boosters": 17417423.0, "new_vaccinations": 992.0, "new_vaccinations_smoothed": 90020.0, "total_vaccinations_per_hundred": 266.3, "people_vaccinated_per_hundred": 91.36, "people_fully_vaccinated_per_hundred": 89.02, "total_boosters_per_hundred": 88.85, "new_vaccinations_smoothed_per_million": 4592.0, "new_people_vaccinated_smoothed": 1163.0, "new_people_vaccinated_smoothed_per_hundred": 0.006, "stringency_index": 25.67, "population_density": 24.282, "extreme_poverty": 1.3, "cardiovasc_death_rate": 127.993, "diabetes_prevalence": 8.46, "handwashing_facilities": "", "hospital_beds_per_thousand": 2.11, "life_expectancy": 80.18, "human_development_index": 0.851, "population": null, "excess_mortality_cumulative_absolute": 49484.992, "excess_mortality_cumulative": 19.19, "excess_mortality": 17.09, "excess_mortality_cumulative_per_million": 2524.2634}
{"iso_code": "CHL", "continent": "South America", "location": "Chile", "date": "2022-04-25", "total_cases": 3546493.0, "new_cases": 2030.0, "new_cases_smoothed": 2319.286, "total_deaths": 57375.0, "new_deaths": 0.0, "new_deaths_smoothed": 16.0, "total_cases_per_million": 180909.037, "new_cases_per_million": 103.552, "new_cases_smoothed_per_million": 118.308, "total_deaths_per_million": 2926.738, "new_deaths_per_million": 0.0, "new_deaths_smoothed_per_million": 0.816, "reproduction_rate": 0.83, "icu_patients": 263.0, "icu_patients_per_million": 13.416, "hosp_patients": "", "hosp_patients_per_million": "", "weekly_icu_admissions": 59.0, "weekly_icu_admissions_per_million": 3.01, "weekly_hosp_admissions": 372.0, "weekly_hosp_admissions_per_million": 18.976, "total_tests": 36546412.0, "new_tests": 32429.0, "total_tests_per_thousand": 1874.83, "new_tests_per_thousand": 1.664, "new_tests_smoothed": 45202.0, "new_tests_smoothed_per_thousand": 2.319, "positive_rate": 0.052, "tests_per_case": 19.2, "tests_units": null, "total_vaccinations": 52321267.0, "people_vaccinated": 17912004.0, "people_fully_vaccinated": 17453669.0, "total_boosters": 17530217.0, "new_vaccinations": 117383.0, "new_vaccinations_smoothed": 90639.0, "total_vaccinations_per_hundred": 266.89, "people_vaccinated_per_hundred": 91.37, "people_fully_vaccinated_per_hundred": 89.03, "total_boosters_per_hundred": 89.42, "new_vaccinations_smoothed_per_million": 4624.0, "new_people_vaccinated_smoothed": 1152.0, "new_people_vaccinated_smoothed_per_hundred": 0.006, "stringency_index": 25.67, "population_density": 24.282, "extreme_poverty": 1.3, "cardiovasc_death_rate": 127.993, "diabetes_prevalence": 8.46, "handwashing_facilities": "", "hospital_beds_per_thousand": 2.11, "life_expectancy": 80.18, "human_development_index": 0.851, "population": null, "excess_mortality_cumulative_absolute": "", "excess_mortality_cumulative": "", "excess_mortality": "", "excess_mortality_cumulative_per_million": ""}
{"iso_code": "CHL", "continent": "South America", "location": "Chile", "date": "2022-04-26", "total_cases": 3547977.0, "new_cases": 1484.0, "new_cases_smoothed": 2349.714, "total_deaths": 57376.0, "new_deaths": 1.0, "new_deaths_smoothed": 15.143, "total_cases_per_million": 180984.737, "new_cases_per_million": 75.7, "new_cases_smoothed_per_million": 119.861, "total_deaths_per_million": 2926.789, "new_deaths_per_million": 0.051, "new_deaths_smoothed_per_million": 0.772, "reproduction_rate": 0.84, "icu_patients": 266.0, "icu_patients_per_million": 13.569, "hosp_patients": "", "hosp_patients_per_million": "", "weekly_icu_admissions": 54.0, "weekly_icu_admissions_per_million": 2.755, "weekly_hosp_admissions": 355.0, "weekly_hosp_admissions_per_million": 18.109, "total_tests": 36569416.0, "new_tests": 23004.0, "total_tests_per_thousand": 1876.01, "new_tests_per_thousand": 1.18, "new_tests_smoothed": 45303.0, "new_tests_smoothed_per_thousand": 2.324, "positive_rate": 0.0526, "tests_per_case": 19.0, "tests_units": null, "total_vaccinations": 52430383.0, "people_vaccinated": 17913521.0, "people_fully_vaccinated": 17456155.0, "total_boosters": 17635337.0, "new_vaccinations": 109116.0, "new_vaccinations_smoothed": 88550.0, "total_vaccinations_per_hundred": 267.45, "people_vaccinated_per_hundred": 91.38, "people_fully_vaccinated_per_hundred": 89.05, "total_boosters_per_hundred": 89.96, "new_vaccinations_smoothed_per_million": 4517.0, "new_people_vaccinated_smoothed": 1156.0, "new_people_vaccinated_smoothed_per_hundred": 0.006, "stringency_index": 25.66, "population_density": 24.282, "extreme_poverty": 1.3, "cardiovasc_death_rate": 127.993, "diabetes_prevalence": 8.46, "handwashing_facilities": "", "hospital_beds_per_thousand": 2.11, "life_expectancy": 80.18, "human_development_index": 0.851, "population": null, "excess_mortality_cumulative_absolute": "", "excess_mortality_cumulative": "", "excess_mortality": "", "excess_mortality_cumulative_per_million": ""}
{"iso_code": "CHL", "continent": "South America", "location": "Chile", "date": "2022-04-27", "total_cases": 3549327.0, "new_cases": 1350.0, "new_cases_smoothed": 2382.571, "total_deaths": 57387.0, "new_deaths": 11.0, "new_deaths_smoothed": 16.0, "total_cases_per_million": 181053.601, "new_cases_per_million": 68.864, "new_cases_smoothed_per_million": 121.537, "total_deaths_per_million": 2927.35, "new_deaths_per_million": 0.561, "new_deaths_smoothed_per_million": 0.816, "reproduction_rate": 0.85, "icu_patients": 255.0, "icu_patients_per_million": 13.008, "hosp_patients": "", "hosp_patients_per_million": "", "weekly_icu_admissions": 54.0, "weekly_icu_admissions_per_million": 2.755, "weekly_hosp_admissions": 344.0, "weekly_hosp_admissions_per_million": 17.548, "total_tests": 36615127.0, "new_tests": 45711.0, "total_tests_per_thousand": 1878.355, "new_tests_per_thousand": 2.345, "new_tests_smoothed": 44633.0, "new_tests_smoothed_per_thousand": 2.29, "positive_rate": 0.0507, "tests_per_case": 19.7, "tests_units": null, "total_vaccinations": 52530253.0, "people_vaccinated": 17914944.0, "people_fully_vaccinated": 17458590.0, "total_boosters": 17731356.0, "new_vaccinations": 99870.0, "new_vaccinations_smoothed": 84782.0, "total_vaccinations_per_hundred": 267.96, "people_vaccinated_per_hundred": 91.39, "people_fully_vaccinated_per_hundred": 89.06, "total_boosters_per_hundred": 90.45, "new_vaccinations_smoothed_per_million": 4325.0, "new_people_vaccinated_smoothed": 1138.0, "new_people_vaccinated_smoothed_per_hundred": 0.006, "stringency_index": 25.66, "population_density": 24.282, "extreme_poverty": 1.3, "cardiovasc_death_rate": 127.993, "diabetes_prevalence": 8.46, "handwashing_facilities": "", "hospital_beds_per_thousand": 2.11, "life_expectancy": 80.18, "human_development_index": 0.851, "population": null, "excess_mortality_cumulative_absolute": "", "excess_mortality_cumulative": "", "excess_mortality": "", "excess_mortality_cumulative_per_million": ""}
{"iso_code": "CHL", "continent": "South America", "location": "Chile", "date": "2022-04-28", "total_cases": 3551383.0, "new_cases": 2056.0, "new_cases_smoothed": 2264.143, "total_deaths": 57468.0, "new_deaths": 81.0, "new_deaths_smoothed": 26.429, "total_cases_per_million": 181158.479, "new_cases_per_million": 104.878, "new_cases_smoothed_per_million": 115.495, "total_deaths_per_million": 2931.482, "new_deaths_per_million": 4.132, "new_deaths_smoothed_per_million": 1.348, "reproduction_rate": 0.86, "icu_patients": 239.0, "icu_patients_per_million": 12.192, "hosp_patients": "", "hosp_patients_per_million": "", "weekly_icu_admissions": 51.0, "weekly_icu_admissions_per_million": 2.602, "weekly_hosp_admissions": 329.0, "weekly_hosp_admissions_per_million": 16.783, "total_tests": 36667741.0, "new_tests": 52614.0, "total_tests_per_thousand": 1881.054, "new_tests_per_thousand": 2.699, "new_tests_smoothed": 43439.0, "new_tests_smoothed_per_thousand": 2.228, "positive_rate": 0.0497, "tests_per_case": 20.1, "tests_units": null, "total_vaccinations": 52635462.0, "people_vaccinated": 17916424.0, "people_fully_vaccinated": 17461128.0, "total_boosters": 17832552.0, "new_vaccinations": 105209.0, "new_vaccinations_smoothed": 82764.0, "total_vaccinations_per_hundred": 268.5, "people_vaccinated_per_hundred": 91.39, "people_fully_vaccinated_per_hundred": 89.07, "total_boosters_per_hundred": 90.97, "new_vaccinations_smoothed_per_million": 4222.0, "new_people_vaccinated_smoothed": 1143.0, "new_people_vaccinated_smoothed_per_hundred": 0.006, "stringency_index": 25.66, "population_density": 24.282, "extreme_poverty": 1.3, "cardiovasc_death_rate": 127.993, "diabetes_prevalence": 8.46, "handwashing_facilities": "", "hospital_beds_per_thousand": 2.11, "life_expectancy": 80.18, "human_development_index": 0.851, "population": null, "excess_mortality_cumulative_absolute": "", "excess_mortality_cumulative": "", "excess_mortality": "", "excess_mortality_cumulative_per_million": ""}
{"iso_code": "CHL", "continent": "South America", "location": "Chile", "date": "2022-04-29", "total_cases": 3553956.0, "new_cases": 2573.0, "new_cases_smoothed": 2159.0, "total_deaths": 57495.0, "new_deaths": 27.0, "new_deaths_smoothed": 24.286, "total_cases_per_million": 181289.73, "new_cases_per_million": 131.25, "new_cases_smoothed_per_million": 110.132, "total_deaths_per_million": 2932.859, "new_deaths_per_million": 1.377, "new_deaths_smoothed_per_million": 1.239, "reproduction_rate": 0.89, "icu_patients": 231.0, "icu_patients_per_million": 11.783, "hosp_patients": "", "hosp_patients_per_million": "", "weekly_icu_admissions": 51.0, "weekly_icu_admissions_per_million": 2.602, "weekly_hosp_admissions": 330.0, "weekly_hosp_admissions_per_million": 16.834, "total_tests": 36714632.0, "new_tests": 46891.0, "total_tests_per_thousand": 1883.46, "new_tests_per_thousand": 2.406, "new_tests_smoothed": 42124.0, "new_tests_smoothed_per_thousand": 2.161, "positive_rate": 0.0493, "tests_per_case": 20.3, "tests_units": null, "total_vaccinations": 52762192.0, "people_vaccinated": 17918059.0, "people_fully_vaccinated": 17463949.0, "total_boosters": 17954830.0, "new_vaccinations": 126730.0, "new_vaccinations_smoothed": 82727.0, "total_vaccinations_per_hundred": 269.14, "people_vaccinated_per_hundred": 91.4, "people_fully_vaccinated_per_hundred": 89.08, "total_boosters_per_hundred": 91.59, "new_vaccinations_smoothed_per_million": 4220.0, "new_people_vaccinated_smoothed": 1152.0, "new_people_vaccinated_smoothed_per_hundred": 0.006, "stringency_index": 25.65, "population_density": 24.282, "extreme_poverty": 1.3, "cardiovasc_death_rate": 127.993, "diabetes_prevalence": 8.46, "handwashing_facilities": "", "hospital_beds_per_thousand": 2.11, "life_expectancy": 80.18, "human_development_index": 0.851, "population": null, "excess_mortality_cumulative_absolute": "", "excess_mortality_cumulative": "", "excess_mortality": "", "excess_mortality_cumulative_per_million": ""}
{"iso_code": "CHL", "continent": "South America", "location": "Chile", "date": "2022-04-30", "total_cases": 3556333.0, "new_cases": 2377.0, "new_cases_smoothed": 2077.286, "total_deaths": 57509.0, "new_deaths": 14.0, "new_deaths_smoothed": 22.571, "total_cases_per_million": 181410.982, "new_cases_per_million": 121.252, "new_cases_smoothed_per_million": 105.964, "total_deaths_per_million": 2933.573, "new_deaths_per_million": 0.714, "new_deaths_smoothed_per_million": 1.151, "reproduction_rate": 0.92, "icu_patients": 221.0, "icu_patients_per_million": 11.273, "hosp_patients": "", "hosp_patients_per_million": "", "weekly_icu_admissions": 48.0, "weekly_icu_admissions_per_million": 2.449, "weekly_hosp_admissions": 327.0, "weekly_hosp_admissions_per_million": 16.68, "total_tests": 36760590.0, "new_tests": 45958.0, "total_tests_per_thousand": 1885.818, "new_tests_per_thousand": 2.358, "new_tests_smoothed": 41433.0, "new_tests_smoothed_per_thousand": 2.126, "positive_rate": 0.0488, "tests_per_case": 20.5, "tests_units": null, "total_vaccinations": 52785078.0, "people_vaccinated": 17918357.0, "people_fully_vaccinated": 17464428.0, "total_boosters": 17976939.0, "new_vaccinations": 22886.0, "new_vaccinations_smoothed": 83169.0, "total_vaccinations_per_hundred": 269.26, "people_vaccinated_per_hundred": 91.4, "people_fully_vaccinated_per_hundred": 89.09, "total_boosters_per_hundred": 91.7, "new_vaccinations_smoothed_per_million": 4243.0, "new_people_vaccinated_smoothed": 1153.0, "new_people_vaccinated_smoothed_per_hundred": 0.006, "stringency_index": 25.65, "population_density": 24.282, "extreme_poverty": 1.3, "cardiovasc_death_rate": 127.993, "diabetes_prevalence": 8.46, "handwashing_facilities": "", "hospital_beds_per_thousand": 2.11, "life_expectancy": 80.18, "human_development_index": 0.851, "population": null, "excess_mortality_cumulative_absolute": "", "excess_mortality_cumulative": "", "excess_mortality": "", "excess_mortality_cumulative_per_million": ""}
{"iso_code": "CHL", "continent": "South America", "location": "Chile", "date": "2022-05-01", "total_cases": 3558631.0, "new_cases": 2298.0, "new_cases_smoothed": 2024.0, "total_deaths": 57527.0, "new_deaths": 18.0, "new_deaths_smoothed": 21.714, "total_cases_per_million": 181528.205, "new_cases_per_million": 117.223, "new_cases_smoothed_per_million": 103.246, "total_deaths_per_million": 2934.492, "new_deaths_per_million": 0.918, "new_deaths_smoothed_per_million": 1.108, "reproduction_rate": 0.96, "icu_patients": 211.0, "icu_patients_per_million": 10.763, "hosp_patients": "", "hosp_patients_per_million": "", "weekly_icu_admissions": 46.0, "weekly_icu_admissions_per_million": 2.346, "weekly_hosp_admissions": 309.0, "weekly_hosp_admissions_per_million": 15.762, "total_tests": 36808974.0, "new_tests": 48384.0, "total_tests_per_thousand": 1888.3, "new_tests_per_thousand": 2.482, "new_tests_smoothed": 42142.0, "new_tests_smoothed_per_thousand": 2.162, "positive_rate": 0.0492, "tests_per_case": 20.3, "tests_units": null, "total_vaccinations": 52785283.0, "people_vaccinated": 17918359.0, "people_fully_vaccinated": 17464429.0, "total_boosters": 17977141.0, "new_vaccinations": 205.0, "new_vaccinations_smoothed": 83057.0, "total_vaccinations_per_hundred": 269.26, "people_vaccinated_per_hundred": 91.4, "people_fully_vaccinated_per_hundred": 89.09, "total_boosters_per_hundred": 91.7, "new_vaccinations_smoothed_per_million": 4237.0, "new_people_vaccinated_smoothed": 1152.0, "new_people_vaccinated_smoothed_per_hundred": 0.006, "stringency_index": 27.2, "population_density": 24.282, "extreme_poverty": 1.3, "cardiovasc_death_rate": 127.993, "diabetes_prevalence": 8.46, "handwashing_facilities": "", "hospital_beds_per_thousand": 2.11, "life_expectancy": 80.18, "human_development_index": 0.851, "population": null, "excess_mortality_cumulative_absolute": 49629.89, "excess_mortality_cumulative": 19.09, "excess_mortality": 6.76, "excess_mortality_cumulative_per_million": 2531.6548}
{"iso_code": "CHL", "continent": "South America", "location": "Chile", "date": "2022-05-02", "total_cases": 3561016.0, "new_cases": 2385.0, "new_cases_smoothed": 2074.714, "total_deaths": 57539.0, "new_deaths": 12.0, "new_deaths_smoothed": 23.429, "total_cases_per_million": 181649.865, "new_cases_per_million": 121.66, "new_cases_smoothed_per_million": 105.833, "total_deaths_per_million": 2935.104, "new_deaths_per_million": 0.612, "new_deaths_smoothed_per_million": 1.195, "reproduction_rate": 0.98, "icu_patients": 209.0, "icu_patients_per_million": 10.661, "hosp_patients": "", "hosp_patients_per_million": "", "weekly_icu_admissions": 47.0, "weekly_icu_admissions_per_million": 2.398, "weekly_hosp_admissions": 309.0, "weekly_hosp_admissions_per_million": 15.762, "total_tests": 36842874.0, "new_tests": 33900.0, "total_tests_per_thousand": 1890.039, "new_tests_per_thousand": 1.739, "new_tests_smoothed": 42352.0, "new_tests_smoothed_per_thousand": 2.173, "positive_rate": 0.0491, "tests_per_case": 20.4, "tests_units": null, "total_vaccinations": 52919759.0, "people_vaccinated": 17920063.0, "people_fully_vaccinated": 17467138.0, "total_boosters": 18107207.0, "new_vaccinations": 134476.0, "new_vaccinations_smoothed": 85499.0, "total_vaccinations_per_hundred": 269.95, "people_vaccinated_per_hundred": 91.41, "people_fully_vaccinated_per_hundred": 89.1, "total_boosters_per_hundred": 92.37, "new_vaccinations_smoothed_per_million": 4361.0, "new_people_vaccinated_smoothed": 1151.0, "new_people_vaccinated_smoothed_per_hundred": 0.006, "stringency_index": 27.19, "population_density": 24.282, "extreme_poverty": 1.3, "cardiovasc_death_rate": 127.993, "diabetes_prevalence": 8.46, "handwashing_facilities": "", "hospital_beds_per_thousand": 2.11, "life_expectancy": 80.18, "human_development_index": 0.851, "population": null, "excess_mortality_cumulative_absolute": "", "excess_mortality_cumulative": "", "excess_mortality": "", "excess_mortality_cumulative_per_million": ""}
{"iso_code": "CHL", "continent": "South America", "location": "Chile", "date": "2022-05-03", "total_cases": 3562521.0, "new_cases": 1505.0, "new_cases_smoothed": 2077.714, "total_deaths": 57541.0, "new_deaths": 2.0, "new_deaths_smoothed": 23.571, "total_cases_per_million": 181726.636, "new_cases_per_million": 76.771, "new_cases_smoothed_per_million": 105.986, "total_deaths_per_million": 2935.206, "new_deaths_per_million": 0.102, "new_deaths_smoothed_per_million": 1.202, "reproduction_rate": 1.02, "icu_patients": 206.0, "icu_patients_per_million": 10.508, "hosp_patients": "", "hosp_patients_per_million": "", "weekly_icu_admissions": 41.0, "weekly_icu_admissions_per_million": 2.091, "weekly_hosp_admissions": 317.0, "weekly_hosp_admissions_per_million": 16.17, "total_tests": 36864419.0, "new_tests": 21545.0, "total_tests_per_thousand": 1891.144, "new_tests_per_thousand": 1.105, "new_tests_smoothed": 42143.0, "new_tests_smoothed_per_thousand": 2.162, "positive_rate": 0.0486, "tests_per_case": 20.6, "tests_units": null, "total_vaccinations": 53049494.0, "people_vaccinated": 17921656.0, "people_fully_vaccinated": 17469726.0, "total_boosters": 18232767.0, "new_vaccinations": 129735.0, "new_vaccinations_smoothed": 88444.0, "total_vaccinations_per_hundred": 270.61, "people_vaccinated_per_hundred": 91.42, "people_fully_vaccinated_per_hundred": 89.11, "total_boosters_per_hundred": 93.01, "new_vaccinations_smoothed_per_million": 4512.0, "new_people_vaccinated_smoothed": 1162.0, "new_people_vaccinated_smoothed_per_hundred": 0.006, "stringency_index": 27.19, "population_density": 24.282, "extreme_poverty": 1.3, "cardiovasc_death_rate": 127.993, "diabetes_prevalence": 8.46, "handwashing_facilities": "", "hospital_beds_per_thousand": 2.11, "life_expectancy": 80.18, "human_development_index": 0.851, "population": null, "excess_mortality_cumulative_absolute": "", "excess_mortality_cumulative": "", "excess_mortality": "", "excess_mortality_cumulative_per_million": ""}
{"iso_code": "CHL", "continent": "South America", "location": "Chile", "date": "2022-05-04", "total_cases": 3563650.0, "new_cases": 1129.0, "new_cases_smoothed": 2046.143, "total_deaths": 57544.0, "new_deaths": 3.0, "new_deaths_smoothed": 22.429, "total_cases_per_million": 181784.227, "new_cases_per_million": 57.591, "new_cases_smoothed_per_million": 104.375, "total_deaths_per_million": 2935.359, "new_deaths_per_million": 0.153, "new_deaths_smoothed_per_million": 1.144, "reproduction_rate": 1.07, "icu_patients": 197.0, "icu_patients_per_million": 10.049, "hosp_patients": "", "hosp_patients_per_million": "", "weekly_icu_admissions": 40.0, "weekly_icu_admissions_per_million": 2.04, "weekly_hosp_admissions": 325.0, "weekly_hosp_admissions_per_million": 16.578, "total_tests": 36912065.0, "new_tests": 47646.0, "total_tests_per_thousand": 1893.588, "new_tests_per_thousand": 2.444, "new_tests_smoothed": 42420.0, "new_tests_smoothed_per_thousand": 2.176, "positive_rate": 0.0498, "tests_per_case": 20.1, "tests_units": null, "total_vaccinations": 53171639.0, "people_vaccinated": 17923249.0, "people_fully_vaccinated": 17472354.0, "total_boosters": 18350697.0, "new_vaccinations": 122145.0, "new_vaccinations_smoothed": 91627.0, "total_vaccinations_per_hundred": 271.23, "people_vaccinated_per_hundred": 91.43, "people_fully_vaccinated_per_hundred": 89.13, "total_boosters_per_hundred": 93.61, "new_vaccinations_smoothed_per_million": 4674.0, "new_people_vaccinated_smoothed": 1186.0, "new_people_vaccinated_smoothed_per_hundred": 0.006, "stringency_index": 27.18, "population_density": 24.282, "extreme_poverty": 1.3, "cardiovasc_death_rate": 127.993, "diabetes_prevalence": 8.46, "handwashing_facilities": "", "hospital_beds_per_thousand": 2.11, "life_expectancy": 80.18, "human_development_index": 0.851, "population": null, "excess_mortality_cumulative_absolute": "", "excess_mortality_cumulative": "", "excess_mortality": "", "excess_mortality_cumulative_per_million": ""}
{"iso_code": "CHL", "continent": "South America", "location": "Chile", "date": "2022-05-05", "total_cases": 3566183.0, "new_cases": 2533.0, "new_cases_smoothed": 2114.286, "total_deaths": 57580.0, "new_deaths": 36.0, "new_deaths_smoothed": 16.0, "total_cases_per_million": 181913.437, "new_cases_per_million": 129.21, "new_cases_smoothed_per_million": 107.851, "total_deaths_per_million": 2937.195, "new_deaths_per_million": 1.836, "new_deaths_smoothed_per_million": 0.816, "reproduction_rate": 1.11, "icu_patients": 197.0, "icu_patients_per_million": 10.049, "hosp_patients": "", "hosp_patients_per_million": "", "weekly_icu_admissions": 35.0, "weekly_icu_admissions_per_million": 1.785, "weekly_hosp_admissions": 327.0, "weekly_hosp_admissions_per_million": 16.68, "total_tests": 36968878.0, "new_tests": 56813.0, "total_tests_per_thousand": 1896.503, "new_tests_per_thousand": 2.915, "new_tests_smoothed": 43020.0, "new_tests_smoothed_per_thousand": 2.207, "positive_rate": 0.0516, "tests_per_case": 19.4, "tests_units": null, "total_vaccinations": 53283541.0, "people_vaccinated": 17924852.0, "people_fully_vaccinated": 17474838.0, "total_boosters": 18458518.0, "new_vaccinations": 111902.0, "new_vaccinations_smoothed": 92583.0, "total_vaccinations_per_hundred": 271.8, "people_vaccinated_per_hundred": 91.44, "people_fully_vaccinated_per_hundred": 89.14, "total_boosters_per_hundred": 94.16, "new_vaccinations_smoothed_per_million": 4723.0, "new_people_vaccinated_smoothed": 1204.0, "new_people_vaccinated_smoothed_per_hundred": 0.006, "stringency_index": 27.18, "population_density": 24.282, "extreme_poverty": 1.3, "cardiovasc_death_rate": 127.993, "diabetes_prevalence": 8.46, "handwashing_facilities": "", "hospital_beds_per_thousand": 2.11, "life_expectancy": 80.18, "human_development_index": 0.851, "population": null, "excess_mortality_cumulative_absolute": "", "excess_mortality_cumulative": "", "excess_mortality": "", "excess_mortality_cumulative_per_million": ""}
{"iso_code": "CHL", "continent": "South America", "location": "Chile", "date": "2022-05-06", "total_cases": 3569492.0, "new_cases": 3309.0, "new_cases_smoothed": 2219.429, "total_deaths": 57597.0, "new_deaths": 17.0, "new_deaths_smoothed": 14.571, "total_cases_per_million": 182082.232, "new_cases_per_million": 168.794, "new_cases_smoothed_per_million": 113.215, "total_deaths_per_million": 2938.062, "new_deaths_per_million": 0.867, "new_deaths_smoothed_per_million": 0.743, "reproduction_rate": 1.14, "icu_patients": 180.0, "icu_patients_per_million": 9.182, "hosp_patients": "", "hosp_patients_per_million": "", "weekly_icu_admissions": 34.0, "weekly_icu_admissions_per_million": 1.734, "weekly_hosp_admissions": 335.0, "weekly_hosp_admissions_per_million": 17.089, "total_tests": 37021857.0, "new_tests": 52979.0, "total_tests_per_thousand": 1899.221, "new_tests_per_thousand": 2.718, "new_tests_smoothed": 43889.0, "new_tests_smoothed_per_thousand": 2.252, "positive_rate": 0.0537, "tests_per_case": 18.6, "tests_units": null, "total_vaccinations": 53397492.0, "people_vaccinated": 17926555.0, "people_fully_vaccinated": 17477611.0, "total_boosters": 18568001.0, "new_vaccinations": 113951.0, "new_vaccinations_smoothed": 90757.0, "total_vaccinations_per_hundred": 272.38, "people_vaccinated_per_hundred": 91.44, "people_fully_vaccinated_per_hundred": 89.15, "total_boosters_per_hundred": 94.72, "new_vaccinations_smoothed_per_million": 4630.0, "new_people_vaccinated_smoothed": 1214.0, "new_people_vaccinated_smoothed_per_hundred": 0.006, "stringency_index": 27.18, "population_density": 24.282, "extreme_poverty": 1.3, "cardiovasc_death_rate": 127.993, "diabetes_prevalence": 8.46, "handwashing_facilities": "", "hospital_beds_per_thousand": 2.11, "life_expectancy": 80.18, "human_development_index": 0.851, "population": null, "excess_mortality_cumulative_absolute": "", "excess_mortality_cumulative": "", "excess_mortality": "", "excess_mortality_cumulative_per_million": ""}
{"iso_code": "CHL", "continent": "South America", "location": "Chile", "date": "2022-05-07", "total_cases": 3572817.0, "new_cases": 3325.0, "new_cases_smoothed": 2354.857, "total_deaths": 57614.0, "new_deaths": 17.0, "new_deaths_smoothed": 15.0, "total_cases_per_million": 182251.842, "new_cases_per_million": 169.611, "new_cases_smoothed_per_million": 120.123, "total_deaths_per_million": 2938.93, "new_deaths_per_million": 0.867, "new_deaths_smoothed_per_million": 0.765, "reproduction_rate": 1.17, "icu_patients": 175.0, "icu_patients_per_million": 8.927, "hosp_patients": "", "hosp_patients_per_million": "", "weekly_icu_admissions": 34.0, "weekly_icu_admissions_per_million": 1.734, "weekly_hosp_admissions": 347.0, "weekly_hosp_admissions_per_million": 17.701, "total_tests": 37071725.0, "new_tests": 49868.0, "total_tests_per_thousand": 1901.779, "new_tests_per_thousand": 2.558, "new_tests_smoothed": 44448.0, "new_tests_smoothed_per_thousand": 2.28, "positive_rate": 0.0563, "tests_per_case": 17.8, "tests_units": null, "total_vaccinations": 53418908.0, "people_vaccinated": 17926901.0, "people_fully_vaccinated": 17478135.0, "total_boosters": 18588547.0, "new_vaccinations": 21416.0, "new_vaccinations_smoothed": 90547.0, "total_vaccinations_per_hundred": 272.49, "people_vaccinated_per_hundred": 91.45, "people_fully_vaccinated_per_hundred": 89.16, "total_boosters_per_hundred": 94.82, "new_vaccinations_smoothed_per_million": 4619.0, "new_people_vaccinated_smoothed": 1221.0, "new_people_vaccinated_smoothed_per_hundred": 0.006, "stringency_index": 27.17, "population_density": 24.282, "extreme_poverty": 1.3, "cardiovasc_death_rate": 127.993, "diabetes_prevalence": 8.46, "handwashing_facilities": "", "hospital_beds_per_thousand": 2.11, "life_expectancy": 80.18, "human_development_index": 0.851, "population": null, "excess_mortality_cumulative_absolute": "", "excess_mortality_cumulative": "", "excess_mortality": "", "excess_mortality_cumulative_per_million": ""}
{"iso_code": "CHL", "continent": "South America", "location": "Chile", "date": "2022-05-08", "total_cases": 3576139.0, "new_cases": 3322.0, "new_cases_smoothed": 2501.143, "total_deaths": 57629.0, "new_deaths": 15.0, "new_deaths_smoothed": 14.571, "total_cases_per_million": 182421.3, "new_cases_per_million": 169.457, "new_cases_smoothed_per_million": 127.585, "total_deaths_per_million": 2939.695, "new_deaths_per_million": 0.765, "new_deaths_smoothed_per_million": 0.743, "reproduction_rate": 1.2, "icu_patients": 176.0, "icu_patients_per_million": 8.978, "hosp_patients": "", "hosp_patients_per_million": "", "weekly_icu_admissions": 34.0, "weekly_icu_admissions_per_million": 1.734, "weekly_hosp_admissions": 371.0, "weekly_hosp_admissions_per_million": 18.925, "total_tests": 37122270.0, "new_tests": 50545.0, "total_tests_per_thousand": 1904.372, "new_tests_per_thousand": 2.593, "new_tests_smoothed": 44757.0, "new_tests_smoothed_per_thousand": 2.296, "positive_rate": 0.0483, "tests_per_case": 20.7, "tests_units": null, "total_vaccinations": 53420223.0, "people_vaccinated": 17926915.0, "people_fully_vaccinated": 17478164.0, "total_boosters": 18589819.0, "new_vaccinations": 1315.0, "new_vaccinations_smoothed": 90706.0, "total_vaccinations_per_hundred": 272.5, "people_vaccinated_per_hundred": 91.45, "people_fully_vaccinated_per_hundred": 89.16, "total_boosters_per_hundred": 94.83, "new_vaccinations_smoothed_per_million": 4627.0, "new_people_vaccinated_smoothed": 1222.0, "new_people_vaccinated_smoothed_per_hundred": 0.006, "stringency_index": 27.17, "population_density": 24.282, "extreme_poverty": 1.3, "cardiovasc_death_rate": 127.993, "diabetes_prevalence": 8.46, "handwashing_facilities": "", "hospital_beds_per_thousand": 2.11, "life_expectancy": 80.18, "human_development_index": 0.851, "population": null, "excess_mortality_cumulative_absolute": 49934.992, "excess_mortality_cumulative": 19.05, "excess_mortality": 14.27, "excess_mortality_cumulative_per_million": 2547.2183}
{"iso_code": "CHL", "continent": "South America", "location": "Chile", "date": "2022-05-09", "total_cases": 3579349.0, "new_cases": 3210.0, "new_cases_smoothed": 2619.0, "total_deaths": 57637.0, "new_deaths": 8.0, "new_deaths_smoothed": 14.0, "total_cases_per_million": 182585.044, "new_cases_per_million": 163.744, "new_cases_smoothed_per_million": 133.597, "total_deaths_per_million": 2940.103, "new_deaths_per_million": 0.408, "new_deaths_smoothed_per_million": 0.714, "reproduction_rate": 1.29, "icu_patients": 173.0, "icu_patients_per_million": 8.825, "hosp_patients": "", "hosp_patients_per_million": "", "weekly_icu_admissions": 31.0, "weekly_icu_admissions_per_million": 1.581, "weekly_hosp_admissions": 384.0, "weekly_hosp_admissions_per_million": 19.588, "total_tests": 37155352.0, "new_tests": 33082.0, "total_tests_per_thousand": 1906.069, "new_tests_per_thousand": 1.697, "new_tests_smoothed": 44640.0, "new_tests_smoothed_per_thousand": 2.29, "positive_rate": 0.0603, "tests_per_case": 16.6, "tests_units": null, "total_vaccinations": 53531480.0, "people_vaccinated": 17928625.0, "people_fully_vaccinated": 17480948.0, "total_boosters": 18696585.0, "new_vaccinations": 111257.0, "new_vaccinations_smoothed": 87389.0, "total_vaccinations_per_hundred": 273.07, "people_vaccinated_per_hundred": 91.46, "people_fully_vaccinated_per_hundred": 89.17, "total_boosters_per_hundred": 95.37, "new_vaccinations_smoothed_per_million": 4458.0, "new_people_vaccinated_smoothed": 1223.0, "new_people_vaccinated_smoothed_per_hundred": 0.006, "stringency_index": 27.17, "population_density": 24.282, "extreme_poverty": 1.3, "cardiovasc_death_rate": 127.993, "diabetes_prevalence": 8.46, "handwashing_facilities": "", "hospital_beds_per_thousand": 2.11, "life_expectancy": 80.18, "human_development_index": 0.851, "population": null, "excess_mortality_cumulative_absolute": "", "excess_mortality_cumulative": "", "excess_mortality": "", "excess_mortality_cumulative_per_million": ""}
{"iso_code": "CHL", "continent": "South America", "location": "Chile", "date": "2022-05-10", "total_cases": 3581374.0, "new_cases": 2025.0, "new_cases_smoothed": 2693.286, "total_deaths": 57639.0, "new_deaths": 2.0, "new_deaths_smoothed": 14.0, "total_cases_per_million": 182688.341, "new_cases_per_million": 103.297, "new_cases_smoothed_per_million": 137.386, "total_deaths_per_million": 2940.205, "new_deaths_per_million": 0.102, "new_deaths_smoothed_per_million": 0.714, "reproduction_rate": 1.3, "icu_patients": 167.0, "icu_patients_per_million": 8.519, "hosp_patients": "", "hosp_patients_per_million": "", "weekly_icu_admissions": 33.0, "weekly_icu_admissions_per_million": 1.683, "weekly_hosp_admissions": 396.0, "weekly_hosp_admissions_per_million": 20.2, "total_tests": 37178577.0, "new_tests": 23225.0, "total_tests_per_thousand": 1907.26, "new_tests_per_thousand": 1.191, "new_tests_smoothed": 44880.0, "new_tests_smoothed_per_thousand": 2.302, "positive_rate": 0.0623, "tests_per_case": 16.0, "tests_units": null, "total_vaccinations": 53655278.0, "people_vaccinated": 17930204.0, "people_fully_vaccinated": 17483414.0, "total_boosters": 18816338.0, "new_vaccinations": 123798.0, "new_vaccinations_smoothed": 86541.0, "total_vaccinations_per_hundred": 273.7, "people_vaccinated_per_hundred": 91.46, "people_fully_vaccinated_per_hundred": 89.18, "total_boosters_per_hundred": 95.98, "new_vaccinations_smoothed_per_million": 4415.0, "new_people_vaccinated_smoothed": 1221.0, "new_people_vaccinated_smoothed_per_hundred": 0.006, "stringency_index": 27.17, "population_density": 24.282, "extreme_poverty": 1.3, "cardiovasc_death_rate": 127.993, "diabetes_prevalence": 8.46, "handwashing_facilities": "", "hospital_beds_per_thousand": 2.11, "life_expectancy": 80.18, "human_development_index": 0.851, "population": null, "excess_mortality_cumulative_absolute": "", "excess_mortality_cumulative": "", "excess_mortality": "", "excess_mortality_cumulative_per_million": ""}
{"iso_code": "CHL", "continent": "South America", "location": "Chile", "date": "2022-05-11", "total_cases": 3583227.0, "new_cases": 1853.0, "new_cases_smoothed": 2796.714, "total_deaths": 57642.0, "new_deaths": 3.0, "new_deaths_smoothed": 14.0, "total_cases_per_million": 182782.863, "new_cases_per_million": 94.523, "new_cases_smoothed_per_million": 142.662, "total_deaths_per_million": 2940.358, "new_deaths_per_million": 0.153, "new_deaths_smoothed_per_million": 0.714, "reproduction_rate": 1.31, "icu_patients": 173.0, "icu_patients_per_million": 8.825, "hosp_patients": "", "hosp_patients_per_million": "", "weekly_icu_admissions": 36.0, "weekly_icu_admissions_per_million": 1.836, "weekly_hosp_admissions": 405.0, "weekly_hosp_admissions_per_million": 20.659, "total_tests": 37225524.0, "new_tests": 46947.0, "total_tests_per_thousand": 1909.669, "new_tests_per_thousand": 2.408, "new_tests_smoothed": 44780.0, "new_tests_smoothed_per_thousand": 2.297, "positive_rate": 0.0649, "tests_per_case": 15.4, "tests_units": null, "total_vaccinations": 53840669.0, "people_vaccinated": 17931881.0, "people_fully_vaccinated": 17485873.0, "total_boosters": 18997593.0, "new_vaccinations": 185391.0, "new_vaccinations_smoothed": 95576.0, "total_vaccinations_per_hundred": 274.64, "people_vaccinated_per_hundred": 91.47, "people_fully_vaccinated_per_hundred": 89.2, "total_boosters_per_hundred": 96.91, "new_vaccinations_smoothed_per_million": 4875.0, "new_people_vaccinated_smoothed": 1233.0, "new_people_vaccinated_smoothed_per_hundred": 0.006, "stringency_index": 27.16, "population_density": 24.282, "extreme_poverty": 1.3, "cardiovasc_death_rate": 127.993, "diabetes_prevalence": 8.46, "handwashing_facilities": "", "hospital_beds_per_thousand": 2.11, "life_expectancy": 80.18, "human_development_index": 0.851, "population": null, "excess_mortality_cumulative_absolute": "", "excess_mortality_cumulative": "", "excess_mortality": "", "excess_mortality_cumulative_per_million": ""}
{"iso_code": "CHL", "continent": "South America", "location": "Chile", "date": "2022-05-12", "total_cases": 3586522.0, "new_cases": 3295.0, "new_cases_smoothed": 2905.571, "total_deaths": 57667.0, "new_deaths": 25.0, "new_deaths_smoothed": 12.429, "total_cases_per_million": 182950.944, "new_cases_per_million": 168.08, "new_cases_smoothed_per_million": 148.215, "total_deaths_per_million": 2941.633, "new_deaths_per_million": 1.275, "new_deaths_smoothed_per_million": 0.634, "reproduction_rate": 1.33, "icu_patients": 177.0, "icu_patients_per_million": 9.029, "hosp_patients": "", "hosp_patients_per_million": "", "weekly_icu_admissions": 40.0, "weekly_icu_admissions_per_million": 2.04, "weekly_hosp_admissions": 415.0, "weekly_hosp_admissions_per_million": 21.169, "total_tests": 37284128.0, "new_tests": 58604.0, "total_tests_per_thousand": 1912.675, "new_tests_per_thousand": 3.006, "new_tests_smoothed": 45036.0, "new_tests_smoothed_per_thousand": 2.31, "positive_rate": 0.0685, "tests_per_case": 14.6, "tests_units": null, "total_vaccinations": 54026216.0, "people_vaccinated": 17933716.0, "people_fully_vaccinated": 17488348.0, "total_boosters": 19178831.0, "new_vaccinations": 185547.0, "new_vaccinations_smoothed": 106096.0, "total_vaccinations_per_hundred": 275.59, "people_vaccinated_per_hundred": 91.48, "people_fully_vaccinated_per_hundred": 89.21, "total_boosters_per_hundred": 97.83, "new_vaccinations_smoothed_per_million": 5412.0, "new_people_vaccinated_smoothed": 1266.0, "new_people_vaccinated_smoothed_per_hundred": 0.006, "stringency_index": 27.16, "population_density": 24.282, "extreme_poverty": 1.3, "cardiovasc_death_rate": 127.993, "diabetes_prevalence": 8.46, "handwashing_facilities": "", "hospital_beds_per_thousand": 2.11, "life_expectancy": 80.18, "human_development_index": 0.851, "population": null, "excess_mortality_cumulative_absolute": "", "excess_mortality_cumulative": "", "excess_mortality": "", "excess_mortality_cumulative_per_million": ""}
{"iso_code": "CHL", "continent": "South America", "location": "Chile", "date": "2022-05-13", "total_cases": 3591097.0, "new_cases": 4575.0, "new_cases_smoothed": 3086.429, "total_deaths": 57680.0, "new_deaths": 13.0, "new_deaths_smoothed": 11.857, "total_cases_per_million": 183184.318, "new_cases_per_million": 233.374, "new_cases_smoothed_per_million": 157.441, "total_deaths_per_million": 2942.296, "new_deaths_per_million": 0.663, "new_deaths_smoothed_per_million": 0.605, "reproduction_rate": 1.34, "icu_patients": 171.0, "icu_patients_per_million": 8.723, "hosp_patients": "", "hosp_patients_per_million": "", "weekly_icu_admissions": 40.0, "weekly_icu_admissions_per_million": 2.04, "weekly_hosp_admissions": 426.0, "weekly_hosp_admissions_per_million": 21.731, "total_tests": 37340823.0, "new_tests": 56695.0, "total_tests_per_thousand": 1915.584, "new_tests_per_thousand": 2.908, "new_tests_smoothed": 45567.0, "new_tests_smoothed_per_thousand": 2.338, "positive_rate": 0.0726, "tests_per_case": 13.8, "tests_units": null, "total_vaccinations": 54212522.0, "people_vaccinated": 17935661.0, "people_fully_vaccinated": 17490886.0, "total_boosters": 19360655.0, "new_vaccinations": 186306.0, "new_vaccinations_smoothed": 116433.0, "total_vaccinations_per_hundred": 276.54, "people_vaccinated_per_hundred": 91.49, "people_fully_vaccinated_per_hundred": 89.22, "total_boosters_per_hundred": 98.76, "new_vaccinations_smoothed_per_million": 5939.0, "new_people_vaccinated_smoothed": 1301.0, "new_people_vaccinated_smoothed_per_hundred": 0.007, "stringency_index": 27.15, "population_density": 24.282, "extreme_poverty": 1.3, "cardiovasc_death_rate": 127.993, "diabetes_prevalence": 8.46, "handwashing_facilities": "", "hospital_beds_per_thousand": 2.11, "life_expectancy": 80.18, "human_development_index": 0.851, "population": null, "excess_mortality_cumulative_absolute": "", "excess_mortality_cumulative": "", "excess_mortality": "", "excess_mortality_cumulative_per_million": ""}
{"iso_code": "CHL", "continent": "South America", "location": "Chile", "date": "2022-05-14", "total_cases": 3595968.0, "new_cases": 4871.0, "new_cases_smoothed": 3307.286, "total_deaths": 57697.0, "new_deaths": 17.0, "new_deaths_smoothed": 11.857, "total_cases_per_million": 183432.791, "new_cases_per_million": 248.473, "new_cases_smoothed_per_million": 168.707, "total_deaths_per_million": 2943.163, "new_deaths_per_million": 0.867, "new_deaths_smoothed_per_million": 0.605, "reproduction_rate": 1.35, "icu_patients": 163.0, "icu_patients_per_million": 8.315, "hosp_patients": "", "hosp_patients_per_million": "", "weekly_icu_admissions": 40.0, "weekly_icu_admissions_per_million": 2.04, "weekly_hosp_admissions": 443.0, "weekly_hosp_admissions_per_million": 22.598, "total_tests": 37396125.0, "new_tests": 55302.0, "total_tests_per_thousand": 1918.421, "new_tests_per_thousand": 2.837, "new_tests_smoothed": 46343.0, "new_tests_smoothed_per_thousand": 2.377, "positive_rate": 0.0763, "tests_per_case": 13.1, "tests_units": null, "total_vaccinations": 54258572.0, "people_vaccinated": 17936099.0, "people_fully_vaccinated": 17491455.0, "total_boosters": 19405698.0, "new_vaccinations": 46050.0, "new_vaccinations_smoothed": 119952.0, "total_vaccinations_per_hundred": 276.78, "people_vaccinated_per_hundred": 91.49, "people_fully_vaccinated_per_hundred": 89.23, "total_boosters_per_hundred": 98.99, "new_vaccinations_smoothed_per_million": 6119.0, "new_people_vaccinated_smoothed": 1314.0, "new_people_vaccinated_smoothed_per_hundred": 0.007, "stringency_index": 27.15, "population_density": 24.282, "extreme_poverty": 1.3, "cardiovasc_death_rate": 127.993, "diabetes_prevalence": 8.46, "handwashing_facilities": "", "hospital_beds_per_thousand": 2.11, "life_expectancy": 80.18, "human_development_index": 0.851, "population": null, "excess_mortality_cumulative_absolute": "", "excess_mortality_cumulative": "", "excess_mortality": "", "excess_mortality_cumulative_per_million": ""}
{"iso_code": "CHL", "continent": "South America", "location": "Chile", "date": "2022-05-15", "total_cases": 3600896.0, "new_cases": 4928.0, "new_cases_smoothed": 3536.714, "total_deaths": 57714.0, "new_deaths": 17.0, "new_deaths_smoothed": 12.143, "total_cases_per_million": 183684.171, "new_cases_per_million": 251.381, "new_cases_smoothed_per_million": 180.41, "total_deaths_per_million": 2944.031, "new_deaths_per_million": 0.867, "new_deaths_smoothed_per_million": 0.619, "reproduction_rate": 1.35, "icu_patients": 159.0, "icu_patients_per_million": 8.111, "hosp_patients": "", "hosp_patients_per_million": "", "weekly_icu_admissions": 41.0, "weekly_icu_admissions_per_million": 2.091, "weekly_hosp_admissions": 457.0, "weekly_hosp_admissions_per_million": 23.312, "total_tests": 37452483.0, "new_tests": 56358.0, "total_tests_per_thousand": 1921.312, "new_tests_per_thousand": 2.891, "new_tests_smoothed": 47173.0, "new_tests_smoothed_per_thousand": 2.42, "positive_rate": 0.089, "tests_per_case": 11.2, "tests_units": null, "total_vaccinations": 54262349.0, "people_vaccinated": 17936124.0, "people_fully_vaccinated": 17491499.0, "total_boosters": 19409406.0, "new_vaccinations": 3777.0, "new_vaccinations_smoothed": 120304.0, "total_vaccinations_per_hundred": 276.8, "people_vaccinated_per_hundred": 91.49, "people_fully_vaccinated_per_hundred": 89.23, "total_boosters_per_hundred": 99.01, "new_vaccinations_smoothed_per_million": 6137.0, "new_people_vaccinated_smoothed": 1316.0, "new_people_vaccinated_smoothed_per_hundred": 0.007, "stringency_index": 27.15, "population_density": 24.282, "extreme_poverty": 1.3, "cardiovasc_death_rate": 127.993, "diabetes_prevalence": 8.46, "handwashing_facilities": "", "hospital_beds_per_thousand": 2.11, "life_expectancy": 80.18, "human_development_index": 0.851, "population": null, "excess_mortality_cumulative_absolute": 50340.89, "excess_mortality_cumulative": 19.05, "excess_mortality": 19.2, "excess_mortality_cumulative_per_million": 2567.9233}
{"iso_code": "CHL", "continent": "South America", "location": "Chile", "date": "2022-05-16", "total_cases": 3605522.0, "new_cases": 4626.0, "new_cases_smoothed": 3739.0, "total_deaths": 57722.0, "new_deaths": 8.0, "new_deaths_smoothed": 12.143, "total_cases_per_million": 183920.147, "new_cases_per_million": 235.975, "new_cases_smoothed_per_million": 190.729, "total_deaths_per_million": 2944.439, "new_deaths_per_million": 0.408, "new_deaths_smoothed_per_million": 0.619, "reproduction_rate": 1.33, "icu_patients": 156.0, "icu_patients_per_million": 7.958, "hosp_patients": "", "hosp_patients_per_million": "", "weekly_icu_admissions": 44.0, "weekly_icu_admissions_per_million": 2.244, "weekly_hosp_admissions": 481.0, "weekly_hosp_admissions_per_million": 24.536, "total_tests": 37496476.0, "new_tests": 43993.0, "total_tests_per_thousand": 1923.569, "new_tests_per_thousand": 2.257, "new_tests_smoothed": 48732.0, "new_tests_smoothed_per_thousand": 2.5, "positive_rate": 0.082, "tests_per_case": 12.2, "tests_units": null, "total_vaccinations": 54464879.0, "people_vaccinated": 17938385.0, "people_fully_vaccinated": 17494375.0, "total_boosters": 19606800.0, "new_vaccinations": 202530.0, "new_vaccinations_smoothed": 133343.0, "total_vaccinations_per_hundred": 277.83, "people_vaccinated_per_hundred": 91.5, "people_fully_vaccinated_per_hundred": 89.24, "total_boosters_per_hundred": 100.02, "new_vaccinations_smoothed_per_million": 6802.0, "new_people_vaccinated_smoothed": 1394.0, "new_people_vaccinated_smoothed_per_hundred": 0.007, "stringency_index": 27.15, "population_density": 24.282, "extreme_poverty": 1.3, "cardiovasc_death_rate": 127.993, "diabetes_prevalence": 8.46, "handwashing_facilities": "", "hospital_beds_per_thousand": 2.11, "life_expectancy": 80.18, "human_development_index": 0.851, "population": null, "excess_mortality_cumulative_absolute": "", "excess_mortality_cumulative": "", "excess_mortality": "", "excess_mortality_cumulative_per_million": ""}
{"iso_code": "CHL", "continent": "South America", "location": "Chile", "date": "2022-05-17", "total_cases": 3609338.0, "new_cases": 3816.0, "new_cases_smoothed": 3994.857, "total_deaths": 57725.0, "new_deaths": 3.0, "new_deaths_smoothed": 12.286, "total_cases_per_million": 184114.803, "new_cases_per_million": 194.657, "new_cases_smoothed_per_million": 203.78, "total_deaths_per_million": 2944.592, "new_deaths_per_million": 0.153, "new_deaths_smoothed_per_million": 0.627, "reproduction_rate": 1.33, "icu_patients": 161.0, "icu_patients_per_million": 8.213, "hosp_patients": "", "hosp_patients_per_million": "", "weekly_icu_admissions": 49.0, "weekly_icu_admissions_per_million": 2.5, "weekly_hosp_admissions": 501.0, "weekly_hosp_admissions_per_million": 25.556, "total_tests": 37522606.0, "new_tests": 26130.0, "total_tests_per_thousand": 1924.909, "new_tests_per_thousand": 1.34, "new_tests_smoothed": 49147.0, "new_tests_smoothed_per_thousand": 2.521, "positive_rate": 0.0831, "tests_per_case": 12.0, "tests_units": null, "total_vaccinations": 54667550.0, "people_vaccinated": 17940726.0, "people_fully_vaccinated": 17497352.0, "total_boosters": 19804155.0, "new_vaccinations": 202671.0, "new_vaccinations_smoothed": 144610.0, "total_vaccinations_per_hundred": 278.86, "people_vaccinated_per_hundred": 91.52, "people_fully_vaccinated_per_hundred": 89.26, "total_boosters_per_hundred": 101.02, "new_vaccinations_smoothed_per_million": 7377.0, "new_people_vaccinated_smoothed": 1503.0, "new_people_vaccinated_smoothed_per_hundred": 0.008, "stringency_index": 27.14, "population_density": 24.282, "extreme_poverty": 1.3, "cardiovasc_death_rate": 127.993, "diabetes_prevalence": 8.46, "handwashing_facilities": "", "hospital_beds_per_thousand": 2.11, "life_expectancy": 80.18, "human_development_index": 0.851, "population": null, "excess_mortality_cumulative_absolute": "", "excess_mortality_cumulative": "", "excess_mortality": "", "excess_mortality_cumulative_per_million": ""}
{"iso_code": "CHL", "continent": "South America", "location": "Chile", "date": "2022-05-18", "total_cases": 3611813.0, "new_cases": 2475.0, "new_cases_smoothed": 4083.714, "total_deaths": 57733.0, "new_deaths": 8.0, "new_deaths_smoothed": 13.0, "total_cases_per_million": 184241.055, "new_cases_per_million": 126.251, "new_cases_smoothed_per_million": 208.313, "total_deaths_per_million": 2945.0, "new_deaths_per_million": 0.408, "new_deaths_smoothed_per_million": 0.663, "reproduction_rate": 1.34, "icu_patients": 150.0, "icu_patients_per_million": 7.652, "hosp_patients": "", "hosp_patients_per_million": "", "weekly_icu_admissions": 49.0, "weekly_icu_admissions_per_million": 2.5, "weekly_hosp_admissions": 510.0, "weekly_hosp_admissions_per_million": 26.015, "total_tests": 37576631.0, "new_tests": 54025.0, "total_tests_per_thousand": 1927.681, "new_tests_per_thousand": 2.771, "new_tests_smoothed": 50158.0, "new_tests_smoothed_per_thousand": 2.573, "positive_rate": 0.0867, "tests_per_case": 11.5, "tests_units": null, "total_vaccinations": 54865647.0, "people_vaccinated": 17943026.0, "people_fully_vaccinated": 17500497.0, "total_boosters": 19996808.0, "new_vaccinations": 198097.0, "new_vaccinations_smoothed": 146425.0, "total_vaccinations_per_hundred": 279.87, "people_vaccinated_per_hundred": 91.53, "people_fully_vaccinated_per_hundred": 89.27, "total_boosters_per_hundred": 102.01, "new_vaccinations_smoothed_per_million": 7469.0, "new_people_vaccinated_smoothed": 1592.0, "new_people_vaccinated_smoothed_per_hundred": 0.008, "stringency_index": 27.14, "population_density": 24.282, "extreme_poverty": 1.3, "cardiovasc_death_rate": 127.993, "diabetes_prevalence": 8.46, "handwashing_facilities": "", "hospital_beds_per_thousand": 2.11, "life_expectancy": 80.18, "human_development_index": 0.851, "population": null, "excess_mortality_cumulative_absolute": "", "excess_mortality_cumulative": "", "excess_mortality": "", "excess_mortality_cumulative_per_million": ""}
{"iso_code": "CHL", "continent": "South America", "location": "Chile", "date": "2022-05-19", "total_cases": 3616950.0, "new_cases": 5137.0, "new_cases_smoothed": 4346.857, "total_deaths": 57754.0, "new_deaths": 21.0, "new_deaths_smoothed": 12.429, "total_cases_per_million": 184503.097, "new_cases_per_million": 262.042, "new_cases_smoothed_per_million": 221.736, "total_deaths_per_million": 2946.071, "new_deaths_per_million": 1.071, "new_deaths_smoothed_per_million": 0.634, "reproduction_rate": 1.34, "icu_patients": 147.0, "icu_patients_per_million": 7.499, "hosp_patients": "", "hosp_patients_per_million": "", "weekly_icu_admissions": 50.0, "weekly_icu_admissions_per_million": 2.551, "weekly_hosp_admissions": 533.0, "weekly_hosp_admissions_per_million": 27.189, "total_tests": 37647486.0, "new_tests": 70855.0, "total_tests_per_thousand": 1931.315, "new_tests_per_thousand": 3.635, "new_tests_smoothed": 51908.0, "new_tests_smoothed_per_thousand": 2.663, "positive_rate": 0.0902, "tests_per_case": 11.1, "tests_units": null, "total_vaccinations": 55045967.0, "people_vaccinated": 17945338.0, "people_fully_vaccinated": 17503418.0, "total_boosters": 20171895.0, "new_vaccinations": 180320.0, "new_vaccinations_smoothed": 145679.0, "total_vaccinations_per_hundred": 280.79, "people_vaccinated_per_hundred": 91.54, "people_fully_vaccinated_per_hundred": 89.29, "total_boosters_per_hundred": 102.9, "new_vaccinations_smoothed_per_million": 7431.0, "new_people_vaccinated_smoothed": 1660.0, "new_people_vaccinated_smoothed_per_hundred": 0.008, "stringency_index": 27.13, "population_density": 24.282, "extreme_poverty": 1.3, "cardiovasc_death_rate": 127.993, "diabetes_prevalence": 8.46, "handwashing_facilities": "", "hospital_beds_per_thousand": 2.11, "life_expectancy": 80.18, "human_development_index": 0.851, "population": null, "excess_mortality_cumulative_absolute": "", "excess_mortality_cumulative": "", "excess_mortality": "", "excess_mortality_cumulative_per_million": ""}
{"iso_code": "CHL", "continent": "South America", "location": "Chile", "date": "2022-05-20", "total_cases": 3623889.0, "new_cases": 6939.0, "new_cases_smoothed": 4684.571, "total_deaths": 57767.0, "new_deaths": 13.0, "new_deaths_smoothed": 12.429, "total_cases_per_million": 184857.06, "new_cases_per_million": 353.963, "new_cases_smoothed_per_million": 238.963, "total_deaths_per_million": 2946.734, "new_deaths_per_million": 0.663, "new_deaths_smoothed_per_million": 0.634, "reproduction_rate": 1.33, "icu_patients": 141.0, "icu_patients_per_million": 7.193, "hosp_patients": "", "hosp_patients_per_million": "", "weekly_icu_admissions": 47.0, "weekly_icu_admissions_per_million": 2.398, "weekly_hosp_admissions": 572.0, "weekly_hosp_admissions_per_million": 29.178, "total_tests": 37716111.0, "new_tests": 68625.0, "total_tests_per_thousand": 1934.836, "new_tests_per_thousand": 3.52, "new_tests_smoothed": 53613.0, "new_tests_smoothed_per_thousand": 2.75, "positive_rate": 0.0927, "tests_per_case": 10.8, "tests_units": null, "total_vaccinations": 55240007.0, "people_vaccinated": 17947826.0, "people_fully_vaccinated": 17506596.0, "total_boosters": 20360270.0, "new_vaccinations": 194040.0, "new_vaccinations_smoothed": 146784.0, "total_vaccinations_per_hundred": 281.78, "people_vaccinated_per_hundred": 91.55, "people_fully_vaccinated_per_hundred": 89.3, "total_boosters_per_hundred": 103.86, "new_vaccinations_smoothed_per_million": 7488.0, "new_people_vaccinated_smoothed": 1738.0, "new_people_vaccinated_smoothed_per_hundred": 0.009, "stringency_index": 27.13, "population_density": 24.282, "extreme_poverty": 1.3, "cardiovasc_death_rate": 127.993, "diabetes_prevalence": 8.46, "handwashing_facilities": "", "hospital_beds_per_thousand": 2.11, "life_expectancy": 80.18, "human_development_index": 0.851, "population": null, "excess_mortality_cumulative_absolute": "", "excess_mortality_cumulative": "", "excess_mortality": "", "excess_mortality_cumulative_per_million": ""}
{"iso_code": "CHL", "continent": "South America", "location": "Chile", "date": "2022-05-21", "total_cases": 3630741.0, "new_cases": 6852.0, "new_cases_smoothed": 4967.571, "total_deaths": 57782.0, "new_deaths": 15.0, "new_deaths_smoothed": 12.143, "total_cases_per_million": 185206.585, "new_cases_per_million": 349.525, "new_cases_smoothed_per_million": 253.399, "total_deaths_per_million": 2947.499, "new_deaths_per_million": 0.765, "new_deaths_smoothed_per_million": 0.619, "reproduction_rate": 1.31, "icu_patients": 143.0, "icu_patients_per_million": 7.295, "hosp_patients": "", "hosp_patients_per_million": "", "weekly_icu_admissions": 49.0, "weekly_icu_admissions_per_million": 2.5, "weekly_hosp_admissions": 578.0, "weekly_hosp_admissions_per_million": 29.484, "total_tests": 37777499.0, "new_tests": 61388.0, "total_tests_per_thousand": 1937.985, "new_tests_per_thousand": 3.149, "new_tests_smoothed": 54482.0, "new_tests_smoothed_per_thousand": 2.795, "positive_rate": 0.0946, "tests_per_case": 10.6, "tests_units": null, "total_vaccinations": 55268796.0, "people_vaccinated": 17948090.0, "people_fully_vaccinated": 17506964.0, "total_boosters": 20388428.0, "new_vaccinations": 28789.0, "new_vaccinations_smoothed": 144318.0, "total_vaccinations_per_hundred": 281.93, "people_vaccinated_per_hundred": 91.55, "people_fully_vaccinated_per_hundred": 89.3, "total_boosters_per_hundred": 104.0, "new_vaccinations_smoothed_per_million": 7362.0, "new_people_vaccinated_smoothed": 1713.0, "new_people_vaccinated_smoothed_per_hundred": 0.009, "stringency_index": 27.13, "population_density": 24.282, "extreme_poverty": 1.3, "cardiovasc_death_rate": 127.993, "diabetes_prevalence": 8.46, "handwashing_facilities": "", "hospital_beds_per_thousand": 2.11, "life_expectancy": 80.18, "human_development_index": 0.851, "population": null, "excess_mortality_cumulative_absolute": "", "excess_mortality_cumulative": "", "excess_mortality": "", "excess_mortality_cumulative_per_million": ""}
{"iso_code": "CHL", "continent": "South America", "location": "Chile", "date": "2022-05-22", "total_cases": 3636993.0, "new_cases": 6252.0, "new_cases_smoothed": 5156.714, "total_deaths": 57794.0, "new_deaths": 12.0, "new_deaths_smoothed": 11.429, "total_cases_per_million": 185525.504, "new_cases_per_million": 318.919, "new_cases_smoothed_per_million": 263.048, "total_deaths_per_million": 2948.112, "new_deaths_per_million": 0.612, "new_deaths_smoothed_per_million": 0.583, "reproduction_rate": 1.3, "icu_patients": 142.0, "icu_patients_per_million": 7.244, "hosp_patients": "", "hosp_patients_per_million": "", "weekly_icu_admissions": 48.0, "weekly_icu_admissions_per_million": 2.449, "weekly_hosp_admissions": 571.0, "weekly_hosp_admissions_per_million": 29.127, "total_tests": 37838882.0, "new_tests": 61383.0, "total_tests_per_thousand": 1941.134, "new_tests_per_thousand": 3.149, "new_tests_smoothed": 55200.0, "new_tests_smoothed_per_thousand": 2.832, "positive_rate": 0.0973, "tests_per_case": 10.3, "tests_units": null, "total_vaccinations": 55273047.0, "people_vaccinated": 17948122.0, "people_fully_vaccinated": 17507015.0, "total_boosters": 20392596.0, "new_vaccinations": 4251.0, "new_vaccinations_smoothed": 144385.0, "total_vaccinations_per_hundred": 281.95, "people_vaccinated_per_hundred": 91.55, "people_fully_vaccinated_per_hundred": 89.3, "total_boosters_per_hundred": 104.02, "new_vaccinations_smoothed_per_million": 7365.0, "new_people_vaccinated_smoothed": 1714.0, "new_people_vaccinated_smoothed_per_hundred": 0.009, "stringency_index": 27.13, "population_density": 24.282, "extreme_poverty": 1.3, "cardiovasc_death_rate": 127.993, "diabetes_prevalence": 8.46, "handwashing_facilities": "", "hospital_beds_per_thousand": 2.11, "life_expectancy": 80.18, "human_development_index": 0.851, "population": null, "excess_mortality_cumulative_absolute": 50639.992, "excess_mortality_cumulative": 19.01, "excess_mortality": 13.62, "excess_mortality_cumulative_per_million": 2583.1807}
{"iso_code": "CHL", "continent": "South America", "location": "Chile", "date": "2022-05-23", "total_cases": 3643136.0, "new_cases": 6143.0, "new_cases_smoothed": 5373.429, "total_deaths": 57802.0, "new_deaths": 8.0, "new_deaths_smoothed": 11.429, "total_cases_per_million": 185838.863, "new_cases_per_million": 313.359, "new_cases_smoothed_per_million": 274.102, "total_deaths_per_million": 2948.52, "new_deaths_per_million": 0.408, "new_deaths_smoothed_per_million": 0.583, "reproduction_rate": 1.29, "icu_patients": 136.0, "icu_patients_per_million": 6.937, "hosp_patients": "", "hosp_patients_per_million": "", "weekly_icu_admissions": 47.0, "weekly_icu_admissions_per_million": 2.398, "weekly_hosp_admissions": 570.0, "weekly_hosp_admissions_per_million": 29.076, "total_tests": 37882348.0, "new_tests": 43466.0, "total_tests_per_thousand": 1943.364, "new_tests_per_thousand": 2.23, "new_tests_smoothed": 55125.0, "new_tests_smoothed_per_thousand": 2.828, "positive_rate": 0.0985, "tests_per_case": 10.1, "tests_units": null, "total_vaccinations": 55469447.0, "people_vaccinated": 17950683.0, "people_fully_vaccinated": 17510152.0, "total_boosters": 20583301.0, "new_vaccinations": 196400.0, "new_vaccinations_smoothed": 143510.0, "total_vaccinations_per_hundred": 282.95, "people_vaccinated_per_hundred": 91.57, "people_fully_vaccinated_per_hundred": 89.32, "total_boosters_per_hundred": 105.0, "new_vaccinations_smoothed_per_million": 7321.0, "new_people_vaccinated_smoothed": 1757.0, "new_people_vaccinated_smoothed_per_hundred": 0.009, "stringency_index": 27.12, "population_density": 24.282, "extreme_poverty": 1.3, "cardiovasc_death_rate": 127.993, "diabetes_prevalence": 8.46, "handwashing_facilities": "", "hospital_beds_per_thousand": 2.11, "life_expectancy": 80.18, "human_development_index": 0.851, "population": null, "excess_mortality_cumulative_absolute": "", "excess_mortality_cumulative": "", "excess_mortality": "", "excess_mortality_cumulative_per_million": ""}
{"iso_code": "CHL", "continent": "South America", "location": "Chile", "date": "2022-05-24", "total_cases": 3647361.0, "new_cases": 4225.0, "new_cases_smoothed": 5431.857, "total_deaths": 57810.0, "new_deaths": 8.0, "new_deaths_smoothed": 12.143, "total_cases_per_million": 186054.383, "new_cases_per_million": 215.52, "new_cases_smoothed_per_million": 277.083, "total_deaths_per_million": 2948.928, "new_deaths_per_million": 0.408, "new_deaths_smoothed_per_million": 0.619, "reproduction_rate": 1.29, "icu_patients": 137.0, "icu_patients_per_million": 6.988, "hosp_patients": "", "hosp_patients_per_million": "", "weekly_icu_admissions": 43.0, "weekly_icu_admissions_per_million": 2.193, "weekly_hosp_admissions": 590.0, "weekly_hosp_admissions_per_million": 30.096, "total_tests": 37912099.0, "new_tests": 29751.0, "total_tests_per_thousand": 1944.89, "new_tests_per_thousand": 1.526, "new_tests_smoothed": 55642.0, "new_tests_smoothed_per_thousand": 2.854, "positive_rate": 0.1008, "tests_per_case": 9.9, "tests_units": null, "total_vaccinations": 55661424.0, "people_vaccinated": 17953176.0, "people_fully_vaccinated": 17513049.0, "total_boosters": 20769889.0, "new_vaccinations": 191977.0, "new_vaccinations_smoothed": 141982.0, "total_vaccinations_per_hundred": 283.93, "people_vaccinated_per_hundred": 91.58, "people_fully_vaccinated_per_hundred": 89.34, "total_boosters_per_hundred": 105.95, "new_vaccinations_smoothed_per_million": 7243.0, "new_people_vaccinated_smoothed": 1779.0, "new_people_vaccinated_smoothed_per_hundred": 0.009, "stringency_index": 27.11, "population_density": 24.282, "extreme_poverty": 1.3, "cardiovasc_death_rate": 127.993, "diabetes_prevalence": 8.46, "handwashing_facilities": "", "hospital_beds_per_thousand": 2.11, "life_expectancy": 80.18, "human_development_index": 0.851, "population": null, "excess_mortality_cumulative_absolute": "", "excess_mortality_cumulative": "", "excess_mortality": "", "excess_mortality_cumulative_per_million": ""}
{"iso_code": "CHL", "continent": "South America", "location": "Chile", "date": "2022-05-25", "total_cases": 3651076.0, "new_cases": 3715.0, "new_cases_smoothed": 5609.0, "total_deaths": 57813.0, "new_deaths": 3.0, "new_deaths_smoothed": 11.429, "total_cases_per_million": 186243.887, "new_cases_per_million": 189.505, "new_cases_smoothed_per_million": 286.119, "total_deaths_per_million": 2949.081, "new_deaths_per_million": 0.153, "new_deaths_smoothed_per_million": 0.583, "reproduction_rate": 1.3, "icu_patients": 133.0, "icu_patients_per_million": 6.784, "hosp_patients": "", "hosp_patients_per_million": "", "weekly_icu_admissions": 45.0, "weekly_icu_admissions_per_million": 2.295, "weekly_hosp_admissions": 610.0, "weekly_hosp_admissions_per_million": 31.117, "total_tests": 37969480.0, "new_tests": 57381.0, "total_tests_per_thousand": 1947.834, "new_tests_per_thousand": 2.944, "new_tests_smoothed": 56121.0, "new_tests_smoothed_per_thousand": 2.879, "positive_rate": 0.1024, "tests_per_case": 9.8, "tests_units": null, "total_vaccinations": 55846873.0, "people_vaccinated": 17955631.0, "people_fully_vaccinated": 17516087.0, "total_boosters": 20949848.0, "new_vaccinations": 185449.0, "new_vaccinations_smoothed": 140175.0, "total_vaccinations_per_hundred": 284.88, "people_vaccinated_per_hundred": 91.59, "people_fully_vaccinated_per_hundred": 89.35, "total_boosters_per_hundred": 106.87, "new_vaccinations_smoothed_per_million": 7150.0, "new_people_vaccinated_smoothed": 1801.0, "new_people_vaccinated_smoothed_per_hundred": 0.009, "stringency_index": 27.11, "population_density": 24.282, "extreme_poverty": 1.3, "cardiovasc_death_rate": 127.993, "diabetes_prevalence": 8.46, "handwashing_facilities": "", "hospital_beds_per_thousand": 2.11, "life_expectancy": 80.18, "human_development_index": 0.851, "population": null, "excess_mortality_cumulative_absolute": "", "excess_mortality_cumulative": "", "excess_mortality": "", "excess_mortality_cumulative_per_million": ""}
{"iso_code": "CHL", "continent": "South America", "location": "Chile", "date": "2022-05-26", "total_cases": 3657188.0, "new_cases": 6112.0, "new_cases_smoothed": 5748.286, "total_deaths": 57835.0, "new_deaths": 22.0, "new_deaths_smoothed": 11.571, "total_cases_per_million": 186555.665, "new_cases_per_million": 311.777, "new_cases_smoothed_per_million": 293.224, "total_deaths_per_million": 2950.203, "new_deaths_per_million": 1.122, "new_deaths_smoothed_per_million": 0.59, "reproduction_rate": 1.3, "icu_patients": 129.0, "icu_patients_per_million": 6.58, "hosp_patients": "", "hosp_patients_per_million": "", "weekly_icu_admissions": 49.0, "weekly_icu_admissions_per_million": 2.5, "weekly_hosp_admissions": 624.0, "weekly_hosp_admissions_per_million": 31.831, "total_tests": 38042802.0, "new_tests": 73322.0, "total_tests_per_thousand": 1951.595, "new_tests_per_thousand": 3.761, "new_tests_smoothed": 56474.0, "new_tests_smoothed_per_thousand": 2.897, "positive_rate": 0.1062, "tests_per_case": 9.4, "tests_units": null, "total_vaccinations": 56025389.0, "people_vaccinated": 17958000.0, "people_fully_vaccinated": 17519137.0, "total_boosters": 21122948.0, "new_vaccinations": 178516.0, "new_vaccinations_smoothed": 139917.0, "total_vaccinations_per_hundred": 285.79, "people_vaccinated_per_hundred": 91.6, "people_fully_vaccinated_per_hundred": 89.37, "total_boosters_per_hundred": 107.75, "new_vaccinations_smoothed_per_million": 7137.0, "new_people_vaccinated_smoothed": 1809.0, "new_people_vaccinated_smoothed_per_hundred": 0.009, "stringency_index": 27.1, "population_density": 24.282, "extreme_poverty": 1.3, "cardiovasc_death_rate": 127.993, "diabetes_prevalence": 8.46, "handwashing_facilities": "", "hospital_beds_per_thousand": 2.11, "life_expectancy": 80.18, "human_development_index": 0.851, "population": null, "excess_mortality_cumulative_absolute": "", "excess_mortality_cumulative": "", "excess_mortality": "", "excess_mortality_cumulative_per_million": ""}
{"iso_code": "CHL", "continent": "South America", "location": "Chile", "date": "2022-05-27", "total_cases": 3665862.0, "new_cases": 8674.0, "new_cases_smoothed": 5996.143, "total_deaths": 57851.0, "new_deaths": 16.0, "new_deaths_smoothed": 12.0, "total_cases_per_million": 186998.131, "new_cases_per_million": 442.467, "new_cases_smoothed_per_million": 305.867, "total_deaths_per_million": 2951.019, "new_deaths_per_million": 0.816, "new_deaths_smoothed_per_million": 0.612, "reproduction_rate": 1.3, "icu_patients": 125.0, "icu_patients_per_million": 6.376, "hosp_patients": "", "hosp_patients_per_million": "", "weekly_icu_admissions": 49.0, "weekly_icu_admissions_per_million": 2.5, "weekly_hosp_admissions": 627.0, "weekly_hosp_admissions_per_million": 31.984, "total_tests": 38114582.0, "new_tests": 71780.0, "total_tests_per_thousand": 1955.277, "new_tests_per_thousand": 3.682, "new_tests_smoothed": 56924.0, "new_tests_smoothed_per_thousand": 2.92, "positive_rate": 0.1113, "tests_per_case": 9.0, "tests_units": null, "total_vaccinations": 56216150.0, "people_vaccinated": 17960296.0, "people_fully_vaccinated": 17522057.0, "total_boosters": 21308496.0, "new_vaccinations": 190761.0, "new_vaccinations_smoothed": 139449.0, "total_vaccinations_per_hundred": 286.76, "people_vaccinated_per_hundred": 91.62, "people_fully_vaccinated_per_hundred": 89.38, "total_boosters_per_hundred": 108.7, "new_vaccinations_smoothed_per_million": 7113.0, "new_people_vaccinated_smoothed": 1781.0, "new_people_vaccinated_smoothed_per_hundred": 0.009, "stringency_index": 27.1, "population_density": 24.282, "extreme_poverty": 1.3, "cardiovasc_death_rate": 127.993, "diabetes_prevalence": 8.46, "handwashing_facilities": "", "hospital_beds_per_thousand": 2.11, "life_expectancy": 80.18, "human_development_index": 0.851, "population": null, "excess_mortality_cumulative_absolute": "", "excess_mortality_cumulative": "", "excess_mortality": "", "excess_mortality_cumulative_per_million": ""}
{"iso_code": "CHL", "continent": "South America", "location": "Chile", "date": "2022-05-28", "total_cases": 3675085.0, "new_cases": 9223.0, "new_cases_smoothed": 6334.857, "total_deaths": 57867.0, "new_deaths": 16.0, "new_deaths_smoothed": 12.143, "total_cases_per_million": 187468.603, "new_cases_per_million": 470.472, "new_cases_smoothed_per_million": 323.145, "total_deaths_per_million": 2951.835, "new_deaths_per_million": 0.816, "new_deaths_smoothed_per_million": 0.619, "reproduction_rate": 1.29, "icu_patients": 125.0, "icu_patients_per_million": 6.376, "hosp_patients": "", "hosp_patients_per_million": "", "weekly_icu_admissions": 50.0, "weekly_icu_admissions_per_million": 2.551, "weekly_hosp_admissions": 628.0, "weekly_hosp_admissions_per_million": 32.035, "total_tests": 38182691.0, "new_tests": 68109.0, "total_tests_per_thousand": 1958.771, "new_tests_per_thousand": 3.494, "new_tests_smoothed": 57885.0, "new_tests_smoothed_per_thousand": 2.969, "positive_rate": 0.1175, "tests_per_case": 8.5, "tests_units": null, "total_vaccinations": 56287771.0, "people_vaccinated": 17961002.0, "people_fully_vaccinated": 17522915.0, "total_boosters": 21378554.0, "new_vaccinations": 71621.0, "new_vaccinations_smoothed": 145568.0, "total_vaccinations_per_hundred": 287.13, "people_vaccinated_per_hundred": 91.62, "people_fully_vaccinated_per_hundred": 89.39, "total_boosters_per_hundred": 109.05, "new_vaccinations_smoothed_per_million": 7426.0, "new_people_vaccinated_smoothed": 1845.0, "new_people_vaccinated_smoothed_per_hundred": 0.009, "stringency_index": 27.1, "population_density": 24.282, "extreme_poverty": 1.3, "cardiovasc_death_rate": 127.993, "diabetes_prevalence": 8.46, "handwashing_facilities": "", "hospital_beds_per_thousand": 2.11, "life_expectancy": 80.18, "human_development_index": 0.851, "population": null, "excess_mortality_cumulative_absolute": "", "excess_mortality_cumulative": "", "excess_mortality": "", "excess_mortality_cumulative_per_million": ""}
{"iso_code": "CHL", "continent": "South America", "location": "Chile", "date": "2022-05-29", "total_cases": 3684585.0, "new_cases": 9500.0, "new_cases_smoothed": 6798.857, "total_deaths": 57877.0, "new_deaths": 10.0, "new_deaths_smoothed": 11.857, "total_cases_per_million": 187953.204, "new_cases_per_million": 484.602, "new_cases_smoothed_per_million": 346.814, "total_deaths_per_million": 2952.345, "new_deaths_per_million": 0.51, "new_deaths_smoothed_per_million": 0.605, "reproduction_rate": 1.27, "icu_patients": 130.0, "icu_patients_per_million": 6.631, "hosp_patients": "", "hosp_patients_per_million": "", "weekly_icu_admissions": 51.0, "weekly_icu_admissions_per_million": 2.602, "weekly_hosp_admissions": 649.0, "weekly_hosp_admissions_per_million": 33.106, "total_tests": 38250820.0, "new_tests": 68129.0, "total_tests_per_thousand": 1962.266, "new_tests_per_thousand": 3.495, "new_tests_smoothed": 58848.0, "new_tests_smoothed_per_thousand": 3.019, "positive_rate": 0.1216, "tests_per_case": 8.2, "tests_units": null, "total_vaccinations": 56294602.0, "people_vaccinated": 17961052.0, "people_fully_vaccinated": 17522983.0, "total_boosters": 21385267.0, "new_vaccinations": 6831.0, "new_vaccinations_smoothed": 145936.0, "total_vaccinations_per_hundred": 287.16, "people_vaccinated_per_hundred": 91.62, "people_fully_vaccinated_per_hundred": 89.39, "total_boosters_per_hundred": 109.09, "new_vaccinations_smoothed_per_million": 7444.0, "new_people_vaccinated_smoothed": 1847.0, "new_people_vaccinated_smoothed_per_hundred": 0.009, "stringency_index": 27.1, "population_density": 24.282, "extreme_poverty": 1.3, "cardiovasc_death_rate": 127.993, "diabetes_prevalence": 8.46, "handwashing_facilities": "", "hospital_beds_per_thousand": 2.11, "life_expectancy": 80.18, "human_development_index": 0.851, "population": null, "excess_mortality_cumulative_absolute": 50772.89, "excess_mortality_cumulative": 18.89, "excess_mortality": 5.69, "excess_mortality_cumulative_per_million": 2589.96}
{"iso_code": "CHL", "continent": "South America", "location": "Chile", "date": "2022-05-30", "total_cases": 3693241.0, "new_cases": 8656.0, "new_cases_smoothed": 7157.857, "total_deaths": 57877.0, "new_deaths": 0.0, "new_deaths_smoothed": 10.714, "total_cases_per_million": 188394.753, "new_cases_per_million": 441.548, "new_cases_smoothed_per_million": 365.127, "total_deaths_per_million": 2952.345, "new_deaths_per_million": 0.0, "new_deaths_smoothed_per_million": 0.547, "reproduction_rate": 1.24, "icu_patients": 132.0, "icu_patients_per_million": 6.733, "hosp_patients": "", "hosp_patients_per_million": "", "weekly_icu_admissions": 56.0, "weekly_icu_admissions_per_million": 2.857, "weekly_hosp_admissions": 699.0, "weekly_hosp_admissions_per_million": 35.656, "total_tests": 38298161.0, "new_tests": 47341.0, "total_tests_per_thousand": 1964.695, "new_tests_per_thousand": 2.429, "new_tests_smoothed": 59402.0, "new_tests_smoothed_per_thousand": 3.047, "positive_rate": 0.1234, "tests_per_case": 8.1, "tests_units": null, "total_vaccinations": 56527323.0, "people_vaccinated": 17963413.0, "people_fully_vaccinated": 17526033.0, "total_boosters": 21612577.0, "new_vaccinations": 232721.0, "new_vaccinations_smoothed": 151125.0, "total_vaccinations_per_hundred": 288.35, "people_vaccinated_per_hundred": 91.63, "people_fully_vaccinated_per_hundred": 89.4, "total_boosters_per_hundred": 110.25, "new_vaccinations_smoothed_per_million": 7709.0, "new_people_vaccinated_smoothed": 1819.0, "new_people_vaccinated_smoothed_per_hundred": 0.009, "stringency_index": 27.09, "population_density": 24.282, "extreme_poverty": 1.3, "cardiovasc_death_rate": 127.993, "diabetes_prevalence": 8.46, "handwashing_facilities": "", "hospital_beds_per_thousand": 2.11, "life_expectancy": 80.18, "human_development_index": 0.851, "population": null, "excess_mortality_cumulative_absolute": "", "excess_mortality_cumulative": "", "excess_mortality": "", "excess_mortality_cumulative_per_million": ""}
{"iso_code": "CHL", "continent": "South America", "location": "Chile", "date": "2022-05-31", "total_cases": 3698667.0, "new_cases": 5426.0, "new_cases_smoothed": 7329.429, "total_deaths": 57887.0, "new_deaths": 10.0, "new_deaths_smoothed": 11.0, "total_cases_per_million": 188671.537, "new_cases_per_million": 276.784, "new_cases_smoothed_per_million": 373.879, "total_deaths_per_million": 2952.856, "new_deaths_per_million": 0.51, "new_deaths_smoothed_per_million": 0.561, "reproduction_rate": 1.22, "icu_patients": 140.0, "icu_patients_per_million": 7.141, "hosp_patients": "", "hosp_patients_per_million": "", "weekly_icu_admissions": 62.0, "weekly_icu_admissions_per_million": 3.163, "weekly_hosp_admissions": 720.0, "weekly_hosp_admissions_per_million": 36.728, "total_tests": 38328670.0, "new_tests": 30509.0, "total_tests_per_thousand": 1966.26, "new_tests_per_thousand": 1.565, "new_tests_smoothed": 59510.0, "new_tests_smoothed_per_thousand": 3.053, "positive_rate": 0.1245, "tests_per_case": 8.0, "tests_units": null, "total_vaccinations": 56780691.0, "people_vaccinated": 17965797.0, "people_fully_vaccinated": 17529324.0, "total_boosters": 21860270.0, "new_vaccinations": 253368.0, "new_vaccinations_smoothed": 159895.0, "total_vaccinations_per_hundred": 289.64, "people_vaccinated_per_hundred": 91.64, "people_fully_vaccinated_per_hundred": 89.42, "total_boosters_per_hundred": 111.51, "new_vaccinations_smoothed_per_million": 8156.0, "new_people_vaccinated_smoothed": 1803.0, "new_people_vaccinated_smoothed_per_hundred": 0.009, "stringency_index": 27.09, "population_density": 24.282, "extreme_poverty": 1.3, "cardiovasc_death_rate": 127.993, "diabetes_prevalence": 8.46, "handwashing_facilities": "", "hospital_beds_per_thousand": 2.11, "life_expectancy": 80.18, "human_development_index": 0.851, "population": null, "excess_mortality_cumulative_absolute": "", "excess_mortality_cumulative": "", "excess_mortality": "", "excess_mortality_cumulative_per_million": ""}
{"iso_code": "CHL", "continent": "South America", "location": "Chile", "date": "2022-06-01", "total_cases": 3702941.0, "new_cases": 4274.0, "new_cases_smoothed": 7409.286, "total_deaths": 57892.0, "new_deaths": 5.0, "new_deaths_smoothed": 11.286, "total_cases_per_million": 188889.557, "new_cases_per_million": 218.02, "new_cases_smoothed_per_million": 377.953, "total_deaths_per_million": 2953.111, "new_deaths_per_million": 0.255, "new_deaths_smoothed_per_million": 0.576, "reproduction_rate": 1.2, "icu_patients": 142.0, "icu_patients_per_million": 7.244, "hosp_patients": "", "hosp_patients_per_million": "", "weekly_icu_admissions": 61.0, "weekly_icu_admissions_per_million": 3.112, "weekly_hosp_admissions": 755.0, "weekly_hosp_admissions_per_million": 38.513, "total_tests": 38388071.0, "new_tests": 59401.0, "total_tests_per_thousand": 1969.307, "new_tests_per_thousand": 3.047, "new_tests_smoothed": 59799.0, "new_tests_smoothed_per_thousand": 3.068, "positive_rate": 0.1274, "tests_per_case": 7.8, "tests_units": null, "total_vaccinations": 56991828.0, "people_vaccinated": 17968229.0, "people_fully_vaccinated": 17532407.0, "total_boosters": 22065893.0, "new_vaccinations": 211137.0, "new_vaccinations_smoothed": 163565.0, "total_vaccinations_per_hundred": 290.72, "people_vaccinated_per_hundred": 91.66, "people_fully_vaccinated_per_hundred": 89.43, "total_boosters_per_hundred": 112.56, "new_vaccinations_smoothed_per_million": 8344.0, "new_people_vaccinated_smoothed": 1800.0, "new_people_vaccinated_smoothed_per_hundred": 0.009, "stringency_index": 27.08, "population_density": 24.282, "extreme_poverty": 1.3, "cardiovasc_death_rate": 127.993, "diabetes_prevalence": 8.46, "handwashing_facilities": "", "hospital_beds_per_thousand": 2.11, "life_expectancy": 80.18, "human_development_index": 0.851, "population": null, "excess_mortality_cumulative_absolute": "", "excess_mortality_cumulative": "", "excess_mortality": "", "excess_mortality_cumulative_per_million": ""}
{"iso_code": "CHL", "continent": "South America", "location": "Chile", "date": "2022-06-02", "total_cases": 3710521.0, "new_cases": 7580.0, "new_cases_smoothed": 7619.0, "total_deaths": 57897.0, "new_deaths": 5.0, "new_deaths_smoothed": 8.857, "total_cases_per_million": 189276.218, "new_cases_per_million": 386.661, "new_cases_smoothed_per_million": 388.65, "total_deaths_per_million": 2953.366, "new_deaths_per_million": 0.255, "new_deaths_smoothed_per_million": 0.452, "reproduction_rate": 1.2, "icu_patients": 144.0, "icu_patients_per_million": 7.346, "hosp_patients": "", "hosp_patients_per_million": "", "weekly_icu_admissions": 80.0, "weekly_icu_admissions_per_million": 4.081, "weekly_hosp_admissions": 779.0, "weekly_hosp_admissions_per_million": 39.737, "total_tests": 38462293.0, "new_tests": 74222.0, "total_tests_per_thousand": 1973.115, "new_tests_per_thousand": 3.808, "new_tests_smoothed": 59927.0, "new_tests_smoothed_per_thousand": 3.074, "positive_rate": 0.1299, "tests_per_case": 7.7, "tests_units": null, "total_vaccinations": 57172225.0, "people_vaccinated": 17970364.0, "people_fully_vaccinated": 17535180.0, "total_boosters": 22241384.0, "new_vaccinations": 180397.0, "new_vaccinations_smoothed": 163834.0, "total_vaccinations_per_hundred": 291.64, "people_vaccinated_per_hundred": 91.67, "people_fully_vaccinated_per_hundred": 89.45, "total_boosters_per_hundred": 113.45, "new_vaccinations_smoothed_per_million": 8357.0, "new_people_vaccinated_smoothed": 1766.0, "new_people_vaccinated_smoothed_per_hundred": 0.009, "stringency_index": 27.08, "population_density": 24.282, "extreme_poverty": 1.3, "cardiovasc_death_rate": 127.993, "diabetes_prevalence": 8.46, "handwashing_facilities": "", "hospital_beds_per_thousand": 2.11, "life_expectancy": 80.18, "human_development_index": 0.851, "population": null, "excess_mortality_cumulative_absolute": "", "excess_mortality_cumulative": "", "excess_mortality": "", "excess_mortality_cumulative_per_million": ""}
